path	class	upstream_counterpart	lines_derived	lines_new	kind
user-comm_cloud-webmail/src/code/arm64/webapp/.env.example	verbatim		377	0	txt
user-comm_cloud-webmail/src/code/arm64/webapp/LICENSE	verbatim		575	0	txt
user-comm_cloud-webmail/src/code/arm64/webapp/NOTICE	verbatim		25	0	txt
user-comm_cloud-webmail/src/code/arm64/webapp/VERSION	verbatim		1	0	txt
user-comm_cloud-webmail/src/code/arm64/webapp/app/(main)/[...rest]/page.tsx	verbatim		9	0	txt
user-comm_cloud-webmail/src/code/arm64/webapp/app/(main)/[locale]/auth/callback/page.tsx	verbatim		239	0	txt
user-comm_cloud-webmail/src/code/arm64/webapp/app/(main)/[locale]/calendar/[[...segments]]/page.tsx	verbatim		14	0	txt
user-comm_cloud-webmail/src/code/arm64/webapp/app/(main)/[locale]/contacts/[[...segments]]/page.tsx	verbatim		12	0	txt
user-comm_cloud-webmail/src/code/arm64/webapp/app/(main)/[locale]/error.tsx	verbatim		48	0	txt
user-comm_cloud-webmail/src/code/arm64/webapp/app/(main)/[locale]/files/[[...segments]]/page.tsx	verbatim		11	0	txt
user-comm_cloud-webmail/src/code/arm64/webapp/app/(main)/[locale]/layout.tsx	verbatim		54	0	txt
user-comm_cloud-webmail/src/code/arm64/webapp/app/(main)/[locale]/login/page.tsx	verbatim		1307	0	txt
user-comm_cloud-webmail/src/code/arm64/webapp/app/(main)/[locale]/mail/[[...segments]]/page.tsx	verbatim		19	0	txt
user-comm_cloud-webmail/src/code/arm64/webapp/app/(main)/[locale]/page.tsx	verbatim		7	0	txt
user-comm_cloud-webmail/src/code/arm64/webapp/app/(main)/[locale]/pro/page.tsx	verbatim		508	0	txt
user-comm_cloud-webmail/src/code/arm64/webapp/app/(main)/[locale]/settings/[[...segments]]/page.tsx	verbatim		11	0	txt
user-comm_cloud-webmail/src/code/arm64/webapp/app/(main)/admin/_tabs/_jmap-servers-section.tsx	verbatim		243	0	txt
user-comm_cloud-webmail/src/code/arm64/webapp/app/(main)/admin/_tabs/auth.tsx	verbatim		374	0	txt
user-comm_cloud-webmail/src/code/arm64/webapp/app/(main)/admin/_tabs/branding.tsx	verbatim		677	0	txt
user-comm_cloud-webmail/src/code/arm64/webapp/app/(main)/admin/_tabs/dashboard.tsx	verbatim		177	0	txt
user-comm_cloud-webmail/src/code/arm64/webapp/app/(main)/admin/_tabs/logs.tsx	verbatim		162	0	txt
user-comm_cloud-webmail/src/code/arm64/webapp/app/(main)/admin/_tabs/marketplace.tsx	verbatim		396	0	txt
user-comm_cloud-webmail/src/code/arm64/webapp/app/(main)/admin/_tabs/plugin-config-panel.tsx	verbatim		286	0	txt
user-comm_cloud-webmail/src/code/arm64/webapp/app/(main)/admin/_tabs/plugins.tsx	verbatim		426	0	txt
user-comm_cloud-webmail/src/code/arm64/webapp/app/(main)/admin/_tabs/policy.tsx	verbatim		357	0	txt
user-comm_cloud-webmail/src/code/arm64/webapp/app/(main)/admin/_tabs/settings.tsx	verbatim		254	0	txt
user-comm_cloud-webmail/src/code/arm64/webapp/app/(main)/admin/_tabs/telemetry.tsx	verbatim		236	0	txt
user-comm_cloud-webmail/src/code/arm64/webapp/app/(main)/admin/_tabs/themes.tsx	verbatim		507	0	txt
user-comm_cloud-webmail/src/code/arm64/webapp/app/(main)/admin/_tabs/version.tsx	verbatim		223	0	txt
user-comm_cloud-webmail/src/code/arm64/webapp/app/(main)/admin/auth/page.tsx	verbatim		4	0	txt
user-comm_cloud-webmail/src/code/arm64/webapp/app/(main)/admin/branding/page.tsx	verbatim		4	0	txt
user-comm_cloud-webmail/src/code/arm64/webapp/app/(main)/admin/change-password/page.tsx	verbatim		105	0	txt
user-comm_cloud-webmail/src/code/arm64/webapp/app/(main)/admin/layout.tsx	verbatim		454	0	txt
user-comm_cloud-webmail/src/code/arm64/webapp/app/(main)/admin/login/page.tsx	verbatim		85	0	txt
user-comm_cloud-webmail/src/code/arm64/webapp/app/(main)/admin/logs/page.tsx	verbatim		4	0	txt
user-comm_cloud-webmail/src/code/arm64/webapp/app/(main)/admin/marketplace/[slug]/page.tsx	verbatim		589	0	txt
user-comm_cloud-webmail/src/code/arm64/webapp/app/(main)/admin/marketplace/page.tsx	verbatim		4	0	txt
user-comm_cloud-webmail/src/code/arm64/webapp/app/(main)/admin/page.tsx	verbatim		45	0	txt
user-comm_cloud-webmail/src/code/arm64/webapp/app/(main)/admin/plugins/[id]/page.tsx	verbatim		6	0	txt
user-comm_cloud-webmail/src/code/arm64/webapp/app/(main)/admin/plugins/page.tsx	verbatim		4	0	txt
user-comm_cloud-webmail/src/code/arm64/webapp/app/(main)/admin/policy/page.tsx	verbatim		4	0	txt
user-comm_cloud-webmail/src/code/arm64/webapp/app/(main)/admin/settings/page.tsx	verbatim		4	0	txt
user-comm_cloud-webmail/src/code/arm64/webapp/app/(main)/admin/telemetry/page.tsx	verbatim		4	0	txt
user-comm_cloud-webmail/src/code/arm64/webapp/app/(main)/admin/themes/page.tsx	verbatim		4	0	txt
user-comm_cloud-webmail/src/code/arm64/webapp/app/(main)/admin/version/page.tsx	verbatim		4	0	txt
user-comm_cloud-webmail/src/code/arm64/webapp/app/(main)/global-error.tsx	verbatim		52	0	txt
user-comm_cloud-webmail/src/code/arm64/webapp/app/(main)/layout.tsx	verbatim		232	0	txt
user-comm_cloud-webmail/src/code/arm64/webapp/app/(main)/not-found.tsx	verbatim		43	0	txt
user-comm_cloud-webmail/src/code/arm64/webapp/app/(main)/protocol/mailto/page.tsx	verbatim		6	0	txt
user-comm_cloud-webmail/src/code/arm64/webapp/app/(main)/protocol/webcal/page.tsx	verbatim		6	0	txt
user-comm_cloud-webmail/src/code/arm64/webapp/app/(main)/setup/layout.tsx	verbatim		4	0	txt
user-comm_cloud-webmail/src/code/arm64/webapp/app/(main)/setup/page.tsx	verbatim		1742	0	txt
user-comm_cloud-webmail/src/code/arm64/webapp/app/(sandbox)/layout.tsx	verbatim		23	0	txt
user-comm_cloud-webmail/src/code/arm64/webapp/app/(sandbox)/plugin-sandbox-privileged/page.tsx	verbatim		13	0	txt
user-comm_cloud-webmail/src/code/arm64/webapp/app/(sandbox)/plugin-sandbox/page.tsx	verbatim		8	0	txt
user-comm_cloud-webmail/src/code/arm64/webapp/app/api/account/stalwart/jmap/route.ts	verbatim		71	0	txt
user-comm_cloud-webmail/src/code/arm64/webapp/app/api/admin/audit/route.ts	verbatim		23	0	txt
user-comm_cloud-webmail/src/code/arm64/webapp/app/api/admin/auth/route.ts	verbatim		0	0	bin
user-comm_cloud-webmail/src/code/arm64/webapp/app/api/admin/branding/[filename]/route.ts	verbatim		67	0	txt
user-comm_cloud-webmail/src/code/arm64/webapp/app/api/admin/branding/route.ts	verbatim		242	0	txt
user-comm_cloud-webmail/src/code/arm64/webapp/app/api/admin/change-password/route.ts	verbatim		31	0	txt
user-comm_cloud-webmail/src/code/arm64/webapp/app/api/admin/config/route.ts	verbatim		156	0	txt
user-comm_cloud-webmail/src/code/arm64/webapp/app/api/admin/marketplace/[slug]/route.ts	verbatim		210	0	txt
user-comm_cloud-webmail/src/code/arm64/webapp/app/api/admin/marketplace/route.ts	verbatim		349	0	txt
user-comm_cloud-webmail/src/code/arm64/webapp/app/api/admin/oauth/setup/route.ts	verbatim		230	0	txt
user-comm_cloud-webmail/src/code/arm64/webapp/app/api/admin/plugin-approvals/route.ts	verbatim		77	0	txt
user-comm_cloud-webmail/src/code/arm64/webapp/app/api/admin/plugins/[id]/bundle/route.ts	verbatim		69	0	txt
user-comm_cloud-webmail/src/code/arm64/webapp/app/api/admin/plugins/[id]/config/route.ts	verbatim		143	0	txt
user-comm_cloud-webmail/src/code/arm64/webapp/app/api/admin/plugins/route.ts	verbatim		265	0	txt
user-comm_cloud-webmail/src/code/arm64/webapp/app/api/admin/policy/route.ts	verbatim		51	0	txt
user-comm_cloud-webmail/src/code/arm64/webapp/app/api/admin/telemetry/route.ts	verbatim		125	0	txt
user-comm_cloud-webmail/src/code/arm64/webapp/app/api/admin/themes/[id]/css/route.ts	verbatim		41	0	txt
user-comm_cloud-webmail/src/code/arm64/webapp/app/api/admin/themes/route.ts	verbatim		184	0	txt
user-comm_cloud-webmail/src/code/arm64/webapp/app/api/admin/version/route.ts	verbatim		61	0	txt
user-comm_cloud-webmail/src/code/arm64/webapp/app/api/auth/impersonate/route.ts	verbatim		128	0	txt
user-comm_cloud-webmail/src/code/arm64/webapp/app/api/auth/oauth/metadata/route.ts	verbatim		50	0	txt
user-comm_cloud-webmail/src/code/arm64/webapp/app/api/auth/pair/create/route.ts	verbatim		85	0	txt
user-comm_cloud-webmail/src/code/arm64/webapp/app/api/auth/pair/redeem/route.ts	verbatim		33	0	txt
user-comm_cloud-webmail/src/code/arm64/webapp/app/api/auth/reauth/sso/complete/route.ts	verbatim		61	0	txt
user-comm_cloud-webmail/src/code/arm64/webapp/app/api/auth/session/route.ts	verbatim		194	0	txt
user-comm_cloud-webmail/src/code/arm64/webapp/app/api/auth/sso/complete/route.ts	verbatim		110	0	txt
user-comm_cloud-webmail/src/code/arm64/webapp/app/api/auth/sso/start/route.ts	verbatim		122	0	txt
user-comm_cloud-webmail/src/code/arm64/webapp/app/api/auth/stalwart-context/route.ts	verbatim		84	0	txt
user-comm_cloud-webmail/src/code/arm64/webapp/app/api/auth/token/route.ts	verbatim		236	0	txt
user-comm_cloud-webmail/src/code/arm64/webapp/app/api/auth/totp-token-exchange/route.ts	verbatim		245	0	txt
user-comm_cloud-webmail/src/code/arm64/webapp/app/api/caldav/discover/route.ts	verbatim		88	0	txt
user-comm_cloud-webmail/src/code/arm64/webapp/app/api/calendar-agenda/route.ts	verbatim		269	0	txt
user-comm_cloud-webmail/src/code/arm64/webapp/app/api/config/route.ts	verbatim		92	0	txt
user-comm_cloud-webmail/src/code/arm64/webapp/app/api/dev-jmap/[...path]/route.ts	verbatim		2345	0	txt
user-comm_cloud-webmail/src/code/arm64/webapp/app/api/favicon/route.ts	verbatim		494	0	txt
user-comm_cloud-webmail/src/code/arm64/webapp/app/api/fetch-ical/route.ts	verbatim		121	0	txt
user-comm_cloud-webmail/src/code/arm64/webapp/app/api/health/route.ts	verbatim		107	0	txt
user-comm_cloud-webmail/src/code/arm64/webapp/app/api/og-image/route.ts	verbatim		126	0	txt
user-comm_cloud-webmail/src/code/arm64/webapp/app/api/plugin-approval-status/route.ts	verbatim		80	0	txt
user-comm_cloud-webmail/src/code/arm64/webapp/app/api/plugin-signing-pubkey/route.ts	verbatim		26	0	txt
user-comm_cloud-webmail/src/code/arm64/webapp/app/api/plugins/route.ts	verbatim		83	0	txt
user-comm_cloud-webmail/src/code/arm64/webapp/app/api/push/preview/route.ts	verbatim		259	0	txt
user-comm_cloud-webmail/src/code/arm64/webapp/app/api/pwa-icon/[size]/route.ts	verbatim		64	0	txt
user-comm_cloud-webmail/src/code/arm64/webapp/app/api/pwa-screenshot/[variant]/route.ts	verbatim		72	0	txt
user-comm_cloud-webmail/src/code/arm64/webapp/app/api/settings/route.ts	verbatim		182	0	txt
user-comm_cloud-webmail/src/code/arm64/webapp/app/api/setup/branding/route.ts	verbatim		148	0	txt
user-comm_cloud-webmail/src/code/arm64/webapp/app/api/setup/finish/route.ts	verbatim		98	0	txt
user-comm_cloud-webmail/src/code/arm64/webapp/app/api/setup/status/route.ts	verbatim		48	0	txt
user-comm_cloud-webmail/src/code/arm64/webapp/app/api/setup/step/route.ts	verbatim		134	0	txt
user-comm_cloud-webmail/src/code/arm64/webapp/app/api/setup/test-jmap/route.ts	verbatim		93	0	txt
user-comm_cloud-webmail/src/code/arm64/webapp/app/api/setup/token/route.ts	verbatim		43	0	txt
user-comm_cloud-webmail/src/code/arm64/webapp/app/api/system/update-status/route.ts	verbatim		29	0	txt
user-comm_cloud-webmail/src/code/arm64/webapp/app/api/translate/route.ts	verbatim		273	0	txt
user-comm_cloud-webmail/src/code/arm64/webapp/app/api/webdav/route.ts	verbatim		127	0	txt
user-comm_cloud-webmail/src/code/arm64/webapp/app/globals.css	verbatim		768	0	txt
user-comm_cloud-webmail/src/code/arm64/webapp/app/manifest.ts	verbatim		114	0	txt
user-comm_cloud-webmail/src/code/arm64/webapp/components/__tests__/favicon-badge.test.tsx	verbatim		80	0	txt
user-comm_cloud-webmail/src/code/arm64/webapp/components/__tests__/push-notification-prompt.test.tsx	verbatim		232	0	txt
user-comm_cloud-webmail/src/code/arm64/webapp/components/__tests__/pwa-install-prompt.test.tsx	verbatim		59	0	txt
user-comm_cloud-webmail/src/code/arm64/webapp/components/calendar/calendar-agenda-view.tsx	verbatim		203	0	txt
user-comm_cloud-webmail/src/code/arm64/webapp/components/calendar/calendar-app.tsx	verbatim		1682	0	txt
user-comm_cloud-webmail/src/code/arm64/webapp/components/calendar/calendar-day-view.tsx	verbatim		370	0	txt
user-comm_cloud-webmail/src/code/arm64/webapp/components/calendar/calendar-kind-picker.tsx	verbatim		66	0	txt
user-comm_cloud-webmail/src/code/arm64/webapp/components/calendar/calendar-month-view.tsx	verbatim		293	0	txt
user-comm_cloud-webmail/src/code/arm64/webapp/components/calendar/calendar-sidebar-panel.tsx	verbatim		498	0	txt
user-comm_cloud-webmail/src/code/arm64/webapp/components/calendar/calendar-toolbar.tsx	verbatim		348	0	txt
user-comm_cloud-webmail/src/code/arm64/webapp/components/calendar/calendar-week-view.tsx	verbatim		502	0	txt
user-comm_cloud-webmail/src/code/arm64/webapp/components/calendar/create-calendar-modal.tsx	verbatim		141	0	txt
user-comm_cloud-webmail/src/code/arm64/webapp/components/calendar/empty-space-context-menu.tsx	verbatim		61	0	txt
user-comm_cloud-webmail/src/code/arm64/webapp/components/calendar/event-card.tsx	verbatim		209	0	txt
user-comm_cloud-webmail/src/code/arm64/webapp/components/calendar/event-context-menu.tsx	verbatim		105	0	txt
user-comm_cloud-webmail/src/code/arm64/webapp/components/calendar/event-detail-popover.tsx	verbatim		632	0	txt
user-comm_cloud-webmail/src/code/arm64/webapp/components/calendar/event-modal.tsx	verbatim		1353	0	txt
user-comm_cloud-webmail/src/code/arm64/webapp/components/calendar/ical-import-modal.tsx	verbatim		413	0	txt
user-comm_cloud-webmail/src/code/arm64/webapp/components/calendar/ical-subscription-modal.tsx	verbatim		200	0	txt
user-comm_cloud-webmail/src/code/arm64/webapp/components/calendar/mini-calendar.tsx	verbatim		236	0	txt
user-comm_cloud-webmail/src/code/arm64/webapp/components/calendar/participant-input.tsx	verbatim		188	0	txt
user-comm_cloud-webmail/src/code/arm64/webapp/components/calendar/quick-event-input.tsx	verbatim		54	0	txt
user-comm_cloud-webmail/src/code/arm64/webapp/components/calendar/recurrence-editor.tsx	verbatim		380	0	txt
user-comm_cloud-webmail/src/code/arm64/webapp/components/calendar/recurrence-scope-dialog.tsx	verbatim		102	0	txt
user-comm_cloud-webmail/src/code/arm64/webapp/components/calendar/task-list-view.tsx	verbatim		228	0	txt
user-comm_cloud-webmail/src/code/arm64/webapp/components/calendar/task-modal.tsx	verbatim		296	0	txt
user-comm_cloud-webmail/src/code/arm64/webapp/components/calendar/task-toolbar.tsx	verbatim		57	0	txt
user-comm_cloud-webmail/src/code/arm64/webapp/components/contacts/__tests__/contact-detail.test.tsx	verbatim		58	0	txt
user-comm_cloud-webmail/src/code/arm64/webapp/components/contacts/__tests__/contact-form.test.tsx	verbatim		165	0	txt
user-comm_cloud-webmail/src/code/arm64/webapp/components/contacts/__tests__/contact-list-item.test.tsx	verbatim		72	0	txt
user-comm_cloud-webmail/src/code/arm64/webapp/components/contacts/__tests__/contact-list.test.tsx	verbatim		70	0	txt
user-comm_cloud-webmail/src/code/arm64/webapp/components/contacts/__tests__/contacts-sidebar.test.tsx	verbatim		57	0	txt
user-comm_cloud-webmail/src/code/arm64/webapp/components/contacts/contact-activity.tsx	verbatim		283	0	txt
user-comm_cloud-webmail/src/code/arm64/webapp/components/contacts/contact-context-menu.tsx	verbatim		194	0	txt
user-comm_cloud-webmail/src/code/arm64/webapp/components/contacts/contact-detail.tsx	verbatim		593	0	txt
user-comm_cloud-webmail/src/code/arm64/webapp/components/contacts/contact-export.tsx	verbatim		27	0	txt
user-comm_cloud-webmail/src/code/arm64/webapp/components/contacts/contact-form.tsx	verbatim		1152	0	txt
user-comm_cloud-webmail/src/code/arm64/webapp/components/contacts/contact-group-detail.tsx	verbatim		134	0	txt
user-comm_cloud-webmail/src/code/arm64/webapp/components/contacts/contact-group-form.tsx	verbatim		183	0	txt
user-comm_cloud-webmail/src/code/arm64/webapp/components/contacts/contact-group-list.tsx	verbatim		90	0	txt
user-comm_cloud-webmail/src/code/arm64/webapp/components/contacts/contact-import-dialog.tsx	verbatim		214	0	txt
user-comm_cloud-webmail/src/code/arm64/webapp/components/contacts/contact-list-item.tsx	verbatim		97	0	txt
user-comm_cloud-webmail/src/code/arm64/webapp/components/contacts/contact-list.tsx	verbatim		580	0	txt
user-comm_cloud-webmail/src/code/arm64/webapp/components/contacts/contact-print.ts	verbatim		112	0	txt
user-comm_cloud-webmail/src/code/arm64/webapp/components/contacts/contacts-app.tsx	verbatim		1076	0	txt
user-comm_cloud-webmail/src/code/arm64/webapp/components/contacts/contacts-sidebar.tsx	verbatim		831	0	txt
user-comm_cloud-webmail/src/code/arm64/webapp/components/email/__tests__/calendar-invitation-banner.test.tsx	verbatim		659	0	txt
user-comm_cloud-webmail/src/code/arm64/webapp/components/email/__tests__/composer-close-guard.test.tsx	verbatim		272	0	txt
user-comm_cloud-webmail/src/code/arm64/webapp/components/email/__tests__/composer-draft-attachments.test.tsx	verbatim		261	0	txt
user-comm_cloud-webmail/src/code/arm64/webapp/components/email/__tests__/composer-reopened-draft-signature.test.tsx	verbatim		254	0	txt
user-comm_cloud-webmail/src/code/arm64/webapp/components/email/__tests__/contact-sidebar-edit.test.tsx	verbatim		97	0	txt
user-comm_cloud-webmail/src/code/arm64/webapp/components/email/__tests__/empty-subject-warning.test.tsx	verbatim		234	0	txt
user-comm_cloud-webmail/src/code/arm64/webapp/components/email/__tests__/more-actions-menu.test.tsx	verbatim		132	0	txt
user-comm_cloud-webmail/src/code/arm64/webapp/components/email/__tests__/recipient-chip-drag.test.tsx	verbatim		385	0	txt
user-comm_cloud-webmail/src/code/arm64/webapp/components/email/__tests__/recipient-paste.test.tsx	verbatim		258	0	txt
user-comm_cloud-webmail/src/code/arm64/webapp/components/email/__tests__/reply-addressing.test.tsx	verbatim		200	0	txt
user-comm_cloud-webmail/src/code/arm64/webapp/components/email/__tests__/selectable-avatar.test.tsx	verbatim		35	0	txt
user-comm_cloud-webmail/src/code/arm64/webapp/components/email/__tests__/signature-block.test.ts	verbatim		286	0	txt
user-comm_cloud-webmail/src/code/arm64/webapp/components/email/__tests__/tag-badge.test.tsx	verbatim		34	0	txt
user-comm_cloud-webmail/src/code/arm64/webapp/components/email/__tests__/tag-picker.test.tsx	verbatim		92	0	txt
user-comm_cloud-webmail/src/code/arm64/webapp/components/email/__tests__/thread-list-item.test.tsx	verbatim		247	0	txt
user-comm_cloud-webmail/src/code/arm64/webapp/components/email/calendar-invitation-banner.tsx	verbatim		1047	0	txt
user-comm_cloud-webmail/src/code/arm64/webapp/components/email/email-composer.tsx	modified	components/email/email-composer.tsx	3652	9	txt
user-comm_cloud-webmail/src/code/arm64/webapp/components/email/email-context-menu.tsx	verbatim		407	0	txt
user-comm_cloud-webmail/src/code/arm64/webapp/components/email/email-hover-actions.tsx	verbatim		190	0	txt
user-comm_cloud-webmail/src/code/arm64/webapp/components/email/email-identity-badge.tsx	verbatim		138	0	txt
user-comm_cloud-webmail/src/code/arm64/webapp/components/email/email-list.tsx	verbatim		630	0	txt
user-comm_cloud-webmail/src/code/arm64/webapp/components/email/email-viewer.tsx	verbatim		5097	0	txt
user-comm_cloud-webmail/src/code/arm64/webapp/components/email/message-list-tabs.tsx	verbatim		111	0	txt
user-comm_cloud-webmail/src/code/arm64/webapp/components/email/quoted-html.ts	verbatim		184	0	txt
user-comm_cloud-webmail/src/code/arm64/webapp/components/email/read-receipt-banner.tsx	verbatim		73	0	txt
user-comm_cloud-webmail/src/code/arm64/webapp/components/email/recipient-popover.tsx	verbatim		218	0	txt
user-comm_cloud-webmail/src/code/arm64/webapp/components/email/resizable-image.tsx	verbatim		134	0	txt
user-comm_cloud-webmail/src/code/arm64/webapp/components/email/rich-text-editor.tsx	verbatim		611	0	txt
user-comm_cloud-webmail/src/code/arm64/webapp/components/email/selectable-avatar.tsx	verbatim		56	0	txt
user-comm_cloud-webmail/src/code/arm64/webapp/components/email/signature-block.ts	verbatim		264	0	txt
user-comm_cloud-webmail/src/code/arm64/webapp/components/email/styled-block-attributes.ts	verbatim		28	0	txt
user-comm_cloud-webmail/src/code/arm64/webapp/components/email/tag-badge.tsx	verbatim		92	0	txt
user-comm_cloud-webmail/src/code/arm64/webapp/components/email/tag-picker.tsx	verbatim		134	0	txt
user-comm_cloud-webmail/src/code/arm64/webapp/components/email/text-direction.ts	verbatim		57	0	txt
user-comm_cloud-webmail/src/code/arm64/webapp/components/email/thread-conversation-view.tsx	verbatim		660	0	txt
user-comm_cloud-webmail/src/code/arm64/webapp/components/email/thread-email-item.tsx	verbatim		203	0	txt
user-comm_cloud-webmail/src/code/arm64/webapp/components/email/thread-list-item.tsx	verbatim		986	0	txt
user-comm_cloud-webmail/src/code/arm64/webapp/components/email/unsubscribe-banner.tsx	verbatim		182	0	txt
user-comm_cloud-webmail/src/code/arm64/webapp/components/error/error-boundary.tsx	verbatim		82	0	txt
user-comm_cloud-webmail/src/code/arm64/webapp/components/error/error-fallbacks.tsx	verbatim		120	0	txt
user-comm_cloud-webmail/src/code/arm64/webapp/components/error/index.ts	verbatim		10	0	txt
user-comm_cloud-webmail/src/code/arm64/webapp/components/favicon-badge.tsx	verbatim		29	0	txt
user-comm_cloud-webmail/src/code/arm64/webapp/components/files/eml-preview.tsx	verbatim		103	0	txt
user-comm_cloud-webmail/src/code/arm64/webapp/components/files/file-browser.tsx	verbatim		1915	0	txt
user-comm_cloud-webmail/src/code/arm64/webapp/components/files/file-preview-modal.tsx	verbatim		371	0	txt
user-comm_cloud-webmail/src/code/arm64/webapp/components/files/file-upload-area.tsx	verbatim		80	0	txt
user-comm_cloud-webmail/src/code/arm64/webapp/components/files/files-app.tsx	verbatim		687	0	txt
user-comm_cloud-webmail/src/code/arm64/webapp/components/files/files-settings-dialog.tsx	verbatim		164	0	txt
user-comm_cloud-webmail/src/code/arm64/webapp/components/files/folder-tree-sidebar.tsx	verbatim		314	0	txt
user-comm_cloud-webmail/src/code/arm64/webapp/components/files/image-preview-modal.tsx	verbatim		100	0	txt
user-comm_cloud-webmail/src/code/arm64/webapp/components/files/new-folder-dialog.tsx	verbatim		52	0	txt
user-comm_cloud-webmail/src/code/arm64/webapp/components/files/pdf-mobile-viewer.tsx	verbatim		208	0	txt
user-comm_cloud-webmail/src/code/arm64/webapp/components/files/rename-dialog.tsx	verbatim		55	0	txt
user-comm_cloud-webmail/src/code/arm64/webapp/components/filters/filter-rule-modal.tsx	verbatim		491	0	txt
user-comm_cloud-webmail/src/code/arm64/webapp/components/filters/sieve-editor-modal.tsx	verbatim		179	0	txt
user-comm_cloud-webmail/src/code/arm64/webapp/components/identity/identity-form.tsx	modified	components/identity/identity-form.tsx	327	50	txt
user-comm_cloud-webmail/src/code/arm64/webapp/components/identity/identity-manager-modal.tsx	modified	components/identity/identity-manager-modal.tsx	370	14	txt
user-comm_cloud-webmail/src/code/arm64/webapp/components/identity/sub-address-helper.tsx	verbatim		224	0	txt
user-comm_cloud-webmail/src/code/arm64/webapp/components/impersonation/impersonation-reconciler.tsx	verbatim		54	0	txt
user-comm_cloud-webmail/src/code/arm64/webapp/components/keyboard-shortcuts-modal.tsx	verbatim		183	0	txt
user-comm_cloud-webmail/src/code/arm64/webapp/components/layout/__tests__/resize-handle.test.tsx	verbatim		95	0	txt
user-comm_cloud-webmail/src/code/arm64/webapp/components/layout/account-switcher.tsx	verbatim		365	0	txt
user-comm_cloud-webmail/src/code/arm64/webapp/components/layout/icon-picker.tsx	verbatim		141	0	txt
user-comm_cloud-webmail/src/code/arm64/webapp/components/layout/inline-app-view.tsx	verbatim		45	0	txt
user-comm_cloud-webmail/src/code/arm64/webapp/components/layout/mailbox-context-menu.tsx	verbatim		215	0	txt
user-comm_cloud-webmail/src/code/arm64/webapp/components/layout/mobile-header.tsx	verbatim		150	0	txt
user-comm_cloud-webmail/src/code/arm64/webapp/components/layout/navigation-rail.tsx	verbatim		741	0	txt
user-comm_cloud-webmail/src/code/arm64/webapp/components/layout/resize-handle.tsx	verbatim		81	0	txt
user-comm_cloud-webmail/src/code/arm64/webapp/components/layout/sidebar-apps-modal.tsx	verbatim		330	0	txt
user-comm_cloud-webmail/src/code/arm64/webapp/components/layout/sidebar.tsx	verbatim		1438	0	txt
user-comm_cloud-webmail/src/code/arm64/webapp/components/mail/mail-app.tsx	modified	components/mail/mail-app.tsx	3894	7	txt
user-comm_cloud-webmail/src/code/arm64/webapp/components/plugins/app-top-banner-slot.tsx	verbatim		14	0	txt
user-comm_cloud-webmail/src/code/arm64/webapp/components/plugins/plugin-consent-dialog.tsx	verbatim		106	0	txt
user-comm_cloud-webmail/src/code/arm64/webapp/components/plugins/plugin-dialog-host.tsx	verbatim		165	0	txt
user-comm_cloud-webmail/src/code/arm64/webapp/components/plugins/plugin-error-boundary.tsx	verbatim		29	0	txt
user-comm_cloud-webmail/src/code/arm64/webapp/components/plugins/plugin-iframe-slot.tsx	verbatim		78	0	txt
user-comm_cloud-webmail/src/code/arm64/webapp/components/plugins/plugin-slot-renderer.tsx	verbatim		17	0	txt
user-comm_cloud-webmail/src/code/arm64/webapp/components/plugins/plugin-slot.tsx	verbatim		27	0	txt
user-comm_cloud-webmail/src/code/arm64/webapp/components/pro/__tests__/cross-account-send-routing.test.tsx	verbatim		137	0	txt
user-comm_cloud-webmail/src/code/arm64/webapp/components/pro/__tests__/pro-shell-drop.test.ts	verbatim		121	0	txt
user-comm_cloud-webmail/src/code/arm64/webapp/components/pro/__tests__/pro-tab-bar.test.tsx	verbatim		164	0	txt
user-comm_cloud-webmail/src/code/arm64/webapp/components/pro/pro-compose-tab-body.tsx	verbatim		190	0	txt
user-comm_cloud-webmail/src/code/arm64/webapp/components/pro/pro-email-tab-body.tsx	verbatim		396	0	txt
user-comm_cloud-webmail/src/code/arm64/webapp/components/pro/pro-folder-tab-body.tsx	verbatim		256	0	txt
user-comm_cloud-webmail/src/code/arm64/webapp/components/pro/pro-interface-redirect.tsx	verbatim		56	0	txt
user-comm_cloud-webmail/src/code/arm64/webapp/components/pro/pro-shell-drop.ts	verbatim		103	0	txt
user-comm_cloud-webmail/src/code/arm64/webapp/components/pro/pro-tab-bar.tsx	verbatim		284	0	txt
user-comm_cloud-webmail/src/code/arm64/webapp/components/protocol/mailto-protocol-client.tsx	verbatim		87	0	txt
user-comm_cloud-webmail/src/code/arm64/webapp/components/protocol/protocol-account-picker.tsx	verbatim		153	0	txt
user-comm_cloud-webmail/src/code/arm64/webapp/components/protocol/protocol-launch-handler-provider.tsx	verbatim		110	0	txt
user-comm_cloud-webmail/src/code/arm64/webapp/components/protocol/webcal-protocol-client.tsx	verbatim		60	0	txt
user-comm_cloud-webmail/src/code/arm64/webapp/components/providers/__tests__/intl-provider-locales.test.ts	verbatim		24	0	txt
user-comm_cloud-webmail/src/code/arm64/webapp/components/providers/calendar-alert-provider.tsx	verbatim		15	0	txt
user-comm_cloud-webmail/src/code/arm64/webapp/components/providers/embedded-bridge-provider.tsx	verbatim		37	0	txt
user-comm_cloud-webmail/src/code/arm64/webapp/components/providers/intl-provider.tsx	verbatim		122	0	txt
user-comm_cloud-webmail/src/code/arm64/webapp/components/providers/rate-limit-toast-provider.tsx	verbatim		23	0	txt
user-comm_cloud-webmail/src/code/arm64/webapp/components/providers/theme-provider.tsx	verbatim		22	0	txt
user-comm_cloud-webmail/src/code/arm64/webapp/components/push-notification-prompt.tsx	verbatim		248	0	txt
user-comm_cloud-webmail/src/code/arm64/webapp/components/pwa-install-prompt.tsx	verbatim		132	0	txt
user-comm_cloud-webmail/src/code/arm64/webapp/components/search/__tests__/search-box.test.tsx	verbatim		176	0	txt
user-comm_cloud-webmail/src/code/arm64/webapp/components/search/search-box.tsx	verbatim		167	0	txt
user-comm_cloud-webmail/src/code/arm64/webapp/components/search/search-chips.tsx	verbatim		94	0	txt
user-comm_cloud-webmail/src/code/arm64/webapp/components/search/search-suggestions.tsx	verbatim		182	0	txt
user-comm_cloud-webmail/src/code/arm64/webapp/components/service-worker-registration.tsx	verbatim		32	0	txt
user-comm_cloud-webmail/src/code/arm64/webapp/components/settings/__tests__/keyword-settings.test.tsx	verbatim		296	0	txt
user-comm_cloud-webmail/src/code/arm64/webapp/components/settings/__tests__/message-list-order-settings.test.tsx	verbatim		105	0	txt
user-comm_cloud-webmail/src/code/arm64/webapp/components/settings/__tests__/settings-section.test.tsx	verbatim		51	0	txt
user-comm_cloud-webmail/src/code/arm64/webapp/components/settings/about-data-settings.tsx	verbatim		203	0	txt
user-comm_cloud-webmail/src/code/arm64/webapp/components/settings/account-security-settings.tsx	verbatim		1046	0	txt
user-comm_cloud-webmail/src/code/arm64/webapp/components/settings/account-settings.tsx	verbatim		403	0	txt
user-comm_cloud-webmail/src/code/arm64/webapp/components/settings/address-book-management-settings.tsx	verbatim		320	0	txt
user-comm_cloud-webmail/src/code/arm64/webapp/components/settings/appearance-settings.tsx	verbatim		146	0	txt
user-comm_cloud-webmail/src/code/arm64/webapp/components/settings/calendar-management-settings.tsx	verbatim		715	0	txt
user-comm_cloud-webmail/src/code/arm64/webapp/components/settings/calendar-settings.tsx	verbatim		104	0	txt
user-comm_cloud-webmail/src/code/arm64/webapp/components/settings/composing-settings.tsx	verbatim		211	0	txt
user-comm_cloud-webmail/src/code/arm64/webapp/components/settings/contacts-settings.tsx	verbatim		88	0	txt
user-comm_cloud-webmail/src/code/arm64/webapp/components/settings/content-senders-settings.tsx	verbatim		80	0	txt
user-comm_cloud-webmail/src/code/arm64/webapp/components/settings/debug-settings.tsx	verbatim		46	0	txt
user-comm_cloud-webmail/src/code/arm64/webapp/components/settings/downloads-settings.tsx	verbatim		256	0	txt
user-comm_cloud-webmail/src/code/arm64/webapp/components/settings/files-settings.tsx	verbatim		259	0	txt
user-comm_cloud-webmail/src/code/arm64/webapp/components/settings/filter-settings.tsx	verbatim		668	0	txt
user-comm_cloud-webmail/src/code/arm64/webapp/components/settings/folder-settings.tsx	verbatim		658	0	txt
user-comm_cloud-webmail/src/code/arm64/webapp/components/settings/identity-settings.tsx	verbatim		50	0	txt
user-comm_cloud-webmail/src/code/arm64/webapp/components/settings/keyword-settings.tsx	verbatim		646	0	txt
user-comm_cloud-webmail/src/code/arm64/webapp/components/settings/language-settings.tsx	verbatim		153	0	txt
user-comm_cloud-webmail/src/code/arm64/webapp/components/settings/layout-settings.tsx	verbatim		335	0	txt
user-comm_cloud-webmail/src/code/arm64/webapp/components/settings/message-list-order-settings.tsx	verbatim		264	0	txt
user-comm_cloud-webmail/src/code/arm64/webapp/components/settings/notification-settings.tsx	verbatim		371	0	txt
user-comm_cloud-webmail/src/code/arm64/webapp/components/settings/plugins-settings.tsx	verbatim		278	0	txt
user-comm_cloud-webmail/src/code/arm64/webapp/components/settings/protocol-handler-settings.tsx	verbatim		90	0	txt
user-comm_cloud-webmail/src/code/arm64/webapp/components/settings/reading-settings.tsx	verbatim		363	0	txt
user-comm_cloud-webmail/src/code/arm64/webapp/components/settings/settings-app.tsx	verbatim		1124	0	txt
user-comm_cloud-webmail/src/code/arm64/webapp/components/settings/settings-section.tsx	verbatim		152	0	txt
user-comm_cloud-webmail/src/code/arm64/webapp/components/settings/share-collection-dialog.tsx	verbatim		365	0	txt
user-comm_cloud-webmail/src/code/arm64/webapp/components/settings/sidebar-apps-settings.tsx	verbatim		318	0	txt
user-comm_cloud-webmail/src/code/arm64/webapp/components/settings/spam-siege-game.tsx	verbatim		290	0	txt
user-comm_cloud-webmail/src/code/arm64/webapp/components/settings/template-settings.tsx	verbatim		123	0	txt
user-comm_cloud-webmail/src/code/arm64/webapp/components/settings/themes-settings.tsx	verbatim		300	0	txt
user-comm_cloud-webmail/src/code/arm64/webapp/components/settings/vacation-settings.tsx	verbatim		304	0	txt
user-comm_cloud-webmail/src/code/arm64/webapp/components/templates/placeholder-fill-modal.tsx	verbatim		104	0	txt
user-comm_cloud-webmail/src/code/arm64/webapp/components/templates/template-form.tsx	verbatim		283	0	txt
user-comm_cloud-webmail/src/code/arm64/webapp/components/templates/template-manager-modal.tsx	verbatim		227	0	txt
user-comm_cloud-webmail/src/code/arm64/webapp/components/templates/template-picker.tsx	verbatim		194	0	txt
user-comm_cloud-webmail/src/code/arm64/webapp/components/theme-color-sync.tsx	verbatim		23	0	txt
user-comm_cloud-webmail/src/code/arm64/webapp/components/totp-reauth-dialog.tsx	verbatim		97	0	txt
user-comm_cloud-webmail/src/code/arm64/webapp/components/tour/tour-overlay.tsx	verbatim		372	0	txt
user-comm_cloud-webmail/src/code/arm64/webapp/components/tour/tour-provider.tsx	verbatim		163	0	txt
user-comm_cloud-webmail/src/code/arm64/webapp/components/tour/tour-steps.ts	verbatim		215	0	txt
user-comm_cloud-webmail/src/code/arm64/webapp/components/trusted-senders-modal.tsx	verbatim		289	0	txt
user-comm_cloud-webmail/src/code/arm64/webapp/components/ui/__tests__/avatar.test.tsx	verbatim		28	0	txt
user-comm_cloud-webmail/src/code/arm64/webapp/components/ui/__tests__/button.test.tsx	verbatim		29	0	txt
user-comm_cloud-webmail/src/code/arm64/webapp/components/ui/__tests__/input.test.tsx	verbatim		24	0	txt
user-comm_cloud-webmail/src/code/arm64/webapp/components/ui/__tests__/mailto-link.test.tsx	verbatim		71	0	txt
user-comm_cloud-webmail/src/code/arm64/webapp/components/ui/avatar.tsx	verbatim		263	0	txt
user-comm_cloud-webmail/src/code/arm64/webapp/components/ui/button.tsx	verbatim		40	0	txt
user-comm_cloud-webmail/src/code/arm64/webapp/components/ui/confirm-dialog.tsx	verbatim		104	0	txt
user-comm_cloud-webmail/src/code/arm64/webapp/components/ui/context-menu.tsx	verbatim		246	0	txt
user-comm_cloud-webmail/src/code/arm64/webapp/components/ui/flag-icons.tsx	verbatim		339	0	txt
user-comm_cloud-webmail/src/code/arm64/webapp/components/ui/input.tsx	verbatim		26	0	txt
user-comm_cloud-webmail/src/code/arm64/webapp/components/ui/language-switcher.tsx	verbatim		122	0	txt
user-comm_cloud-webmail/src/code/arm64/webapp/components/ui/mailto-link.tsx	verbatim		36	0	txt
user-comm_cloud-webmail/src/code/arm64/webapp/components/ui/prompt-dialog.tsx	verbatim		113	0	txt
user-comm_cloud-webmail/src/code/arm64/webapp/components/ui/pull-to-refresh-indicator.tsx	verbatim		130	0	txt
user-comm_cloud-webmail/src/code/arm64/webapp/components/ui/toast.tsx	verbatim		200	0	txt
user-comm_cloud-webmail/src/code/arm64/webapp/components/ui/welcome-banner.tsx	verbatim		129	0	txt
user-comm_cloud-webmail/src/code/arm64/webapp/contexts/drag-drop-context.tsx	verbatim		46	0	txt
user-comm_cloud-webmail/src/code/arm64/webapp/eslint.config.mjs	verbatim		85	0	txt
user-comm_cloud-webmail/src/code/arm64/webapp/hooks/__tests__/use-browser-navigation.test.tsx	verbatim		84	0	txt
user-comm_cloud-webmail/src/code/arm64/webapp/hooks/__tests__/use-favicon-badge.test.tsx	verbatim		467	0	txt
user-comm_cloud-webmail/src/code/arm64/webapp/hooks/__tests__/use-keyword-format.test.tsx	verbatim		68	0	txt
user-comm_cloud-webmail/src/code/arm64/webapp/hooks/__tests__/use-menu-navigation.test.tsx	verbatim		88	0	txt
user-comm_cloud-webmail/src/code/arm64/webapp/hooks/__tests__/use-refresh-gesture.test.tsx	verbatim		192	0	txt
user-comm_cloud-webmail/src/code/arm64/webapp/hooks/__tests__/use-shortened-text.test.tsx	verbatim		57	0	txt
user-comm_cloud-webmail/src/code/arm64/webapp/hooks/__tests__/use-sidebar-apps.test.tsx	verbatim		88	0	txt
user-comm_cloud-webmail/src/code/arm64/webapp/hooks/__tests__/use-swipe-actions.test.ts	verbatim		69	0	txt
user-comm_cloud-webmail/src/code/arm64/webapp/hooks/__tests__/use-time-grid-interactions.test.ts	verbatim		52	0	txt
user-comm_cloud-webmail/src/code/arm64/webapp/hooks/use-attachment-drag.ts	verbatim		110	0	txt
user-comm_cloud-webmail/src/code/arm64/webapp/hooks/use-browser-navigation.ts	verbatim		182	0	txt
user-comm_cloud-webmail/src/code/arm64/webapp/hooks/use-calendar-alerts.ts	verbatim		130	0	txt
user-comm_cloud-webmail/src/code/arm64/webapp/hooks/use-calendar-locale.ts	verbatim		229	0	txt
user-comm_cloud-webmail/src/code/arm64/webapp/hooks/use-config.ts	verbatim		212	0	txt
user-comm_cloud-webmail/src/code/arm64/webapp/hooks/use-confirm-dialog.ts	verbatim		76	0	txt
user-comm_cloud-webmail/src/code/arm64/webapp/hooks/use-context-menu.ts	verbatim		105	0	txt
user-comm_cloud-webmail/src/code/arm64/webapp/hooks/use-copy-link.ts	verbatim		24	0	txt
user-comm_cloud-webmail/src/code/arm64/webapp/hooks/use-deep-link-url.ts	verbatim		28	0	txt
user-comm_cloud-webmail/src/code/arm64/webapp/hooks/use-display-date-formatter.ts	verbatim		24	0	txt
user-comm_cloud-webmail/src/code/arm64/webapp/hooks/use-email-drag.ts	verbatim		287	0	txt
user-comm_cloud-webmail/src/code/arm64/webapp/hooks/use-favicon-badge.ts	verbatim		211	0	txt
user-comm_cloud-webmail/src/code/arm64/webapp/hooks/use-focus-trap.ts	verbatim		69	0	txt
user-comm_cloud-webmail/src/code/arm64/webapp/hooks/use-format-event-date.ts	verbatim		39	0	txt
user-comm_cloud-webmail/src/code/arm64/webapp/hooks/use-identity-sync.ts	verbatim		24	0	txt
user-comm_cloud-webmail/src/code/arm64/webapp/hooks/use-is-embedded.ts	verbatim		14	0	txt
user-comm_cloud-webmail/src/code/arm64/webapp/hooks/use-keyboard-shortcuts.ts	verbatim		269	0	txt
user-comm_cloud-webmail/src/code/arm64/webapp/hooks/use-keyword-format.ts	verbatim		58	0	txt
user-comm_cloud-webmail/src/code/arm64/webapp/hooks/use-long-press.ts	verbatim		63	0	txt
user-comm_cloud-webmail/src/code/arm64/webapp/hooks/use-mailbox-drop.ts	verbatim		209	0	txt
user-comm_cloud-webmail/src/code/arm64/webapp/hooks/use-media-query.ts	verbatim		104	0	txt
user-comm_cloud-webmail/src/code/arm64/webapp/hooks/use-menu-navigation.ts	verbatim		115	0	txt
user-comm_cloud-webmail/src/code/arm64/webapp/hooks/use-pane-context.ts	verbatim		41	0	txt
user-comm_cloud-webmail/src/code/arm64/webapp/hooks/use-pane-size.ts	verbatim		11	0	txt
user-comm_cloud-webmail/src/code/arm64/webapp/hooks/use-plugin-slot-offers.ts	verbatim		11	0	txt
user-comm_cloud-webmail/src/code/arm64/webapp/hooks/use-pro-multi-account-calendars.ts	verbatim		56	0	txt
user-comm_cloud-webmail/src/code/arm64/webapp/hooks/use-pro-multi-account-contacts.ts	verbatim		42	0	txt
user-comm_cloud-webmail/src/code/arm64/webapp/hooks/use-pro-multi-account-identities.ts	verbatim		120	0	txt
user-comm_cloud-webmail/src/code/arm64/webapp/hooks/use-pro-multi-account-mailboxes.ts	verbatim		33	0	txt
user-comm_cloud-webmail/src/code/arm64/webapp/hooks/use-prompt-dialog.ts	verbatim		79	0	txt
user-comm_cloud-webmail/src/code/arm64/webapp/hooks/use-refresh-gesture.tsx	verbatim		226	0	txt
user-comm_cloud-webmail/src/code/arm64/webapp/hooks/use-shortened-text.ts	verbatim		68	0	txt
user-comm_cloud-webmail/src/code/arm64/webapp/hooks/use-sidebar-apps.ts	verbatim		101	0	txt
user-comm_cloud-webmail/src/code/arm64/webapp/hooks/use-swipe-actions.ts	verbatim		138	0	txt
user-comm_cloud-webmail/src/code/arm64/webapp/hooks/use-tag-display.ts	verbatim		59	0	txt
user-comm_cloud-webmail/src/code/arm64/webapp/hooks/use-tag-drop.ts	verbatim		96	0	txt
user-comm_cloud-webmail/src/code/arm64/webapp/hooks/use-time-grid-interactions.ts	verbatim		356	0	txt
user-comm_cloud-webmail/src/code/arm64/webapp/i18n/detect-locale.ts	verbatim		36	0	txt
user-comm_cloud-webmail/src/code/arm64/webapp/i18n/direction.ts	verbatim		14	0	txt
user-comm_cloud-webmail/src/code/arm64/webapp/i18n/merge-messages.ts	verbatim		20	0	txt
user-comm_cloud-webmail/src/code/arm64/webapp/i18n/navigation.ts	verbatim		3	0	txt
user-comm_cloud-webmail/src/code/arm64/webapp/i18n/request.ts	verbatim		117	0	txt
user-comm_cloud-webmail/src/code/arm64/webapp/i18n/routing.ts	verbatim		30	0	txt
user-comm_cloud-webmail/src/code/arm64/webapp/instrumentation.node.ts	verbatim		61	0	txt
user-comm_cloud-webmail/src/code/arm64/webapp/instrumentation.ts	verbatim		5	0	txt
user-comm_cloud-webmail/src/code/arm64/webapp/lib/__tests__/account-ordering.test.ts	verbatim		36	0	txt
user-comm_cloud-webmail/src/code/arm64/webapp/lib/__tests__/account-state-manager.test.ts	verbatim		136	0	txt
user-comm_cloud-webmail/src/code/arm64/webapp/lib/__tests__/admin-auth-stalwart-access.test.ts	verbatim		174	0	txt
user-comm_cloud-webmail/src/code/arm64/webapp/lib/__tests__/app-frame-origins.test.ts	verbatim		116	0	txt
user-comm_cloud-webmail/src/code/arm64/webapp/lib/__tests__/auth-crypto.test.ts	verbatim		81	0	txt
user-comm_cloud-webmail/src/code/arm64/webapp/lib/__tests__/base-path.test.ts	verbatim		92	0	txt
user-comm_cloud-webmail/src/code/arm64/webapp/lib/__tests__/birthday-calendar.test.ts	verbatim		79	0	txt
user-comm_cloud-webmail/src/code/arm64/webapp/lib/__tests__/builtin-themes.test.ts	verbatim		47	0	txt
user-comm_cloud-webmail/src/code/arm64/webapp/lib/__tests__/caldav-discover-route.test.ts	verbatim		72	0	txt
user-comm_cloud-webmail/src/code/arm64/webapp/lib/__tests__/calendar-agenda-route.test.ts	verbatim		77	0	txt
user-comm_cloud-webmail/src/code/arm64/webapp/lib/__tests__/calendar-alerts.test.ts	verbatim		381	0	txt
user-comm_cloud-webmail/src/code/arm64/webapp/lib/__tests__/calendar-collection-dav.test.ts	verbatim		63	0	txt
user-comm_cloud-webmail/src/code/arm64/webapp/lib/__tests__/calendar-component-detection.test.ts	verbatim		59	0	txt
user-comm_cloud-webmail/src/code/arm64/webapp/lib/__tests__/calendar-editability.test.ts	verbatim		240	0	txt
user-comm_cloud-webmail/src/code/arm64/webapp/lib/__tests__/calendar-event-normalization.test.ts	verbatim		78	0	txt
user-comm_cloud-webmail/src/code/arm64/webapp/lib/__tests__/calendar-invitation.test.ts	verbatim		477	0	txt
user-comm_cloud-webmail/src/code/arm64/webapp/lib/__tests__/calendar-participants.test.ts	verbatim		471	0	txt
user-comm_cloud-webmail/src/code/arm64/webapp/lib/__tests__/calendar-utils.test.ts	verbatim		259	0	txt
user-comm_cloud-webmail/src/code/arm64/webapp/lib/__tests__/clear-cached-data.test.ts	verbatim		44	0	txt
user-comm_cloud-webmail/src/code/arm64/webapp/lib/__tests__/color-transform.test.ts	verbatim		342	0	txt
user-comm_cloud-webmail/src/code/arm64/webapp/lib/__tests__/config-route.test.ts	verbatim		216	0	txt
user-comm_cloud-webmail/src/code/arm64/webapp/lib/__tests__/csp-frame-origins.test.ts	verbatim		92	0	txt
user-comm_cloud-webmail/src/code/arm64/webapp/lib/__tests__/deep-link-handoff.test.ts	verbatim		48	0	txt
user-comm_cloud-webmail/src/code/arm64/webapp/lib/__tests__/deep-links.test.ts	verbatim		265	0	txt
user-comm_cloud-webmail/src/code/arm64/webapp/lib/__tests__/dev-jmap-mock.test.ts	verbatim		343	0	txt
user-comm_cloud-webmail/src/code/arm64/webapp/lib/__tests__/domain-branding.test.ts	verbatim		137	0	txt
user-comm_cloud-webmail/src/code/arm64/webapp/lib/__tests__/download-filename.test.ts	verbatim		123	0	txt
user-comm_cloud-webmail/src/code/arm64/webapp/lib/__tests__/email-composer-utils.test.ts	verbatim		558	0	txt
user-comm_cloud-webmail/src/code/arm64/webapp/lib/__tests__/email-date.test.ts	verbatim		34	0	txt
user-comm_cloud-webmail/src/code/arm64/webapp/lib/__tests__/email-headers.test.ts	verbatim		283	0	txt
user-comm_cloud-webmail/src/code/arm64/webapp/lib/__tests__/email-link-targets.integration.test.ts	verbatim		85	0	txt
user-comm_cloud-webmail/src/code/arm64/webapp/lib/__tests__/email-sanitization.test.ts	verbatim		845	0	txt
user-comm_cloud-webmail/src/code/arm64/webapp/lib/__tests__/email-threading.test.ts	verbatim		77	0	txt
user-comm_cloud-webmail/src/code/arm64/webapp/lib/__tests__/eml-import.test.ts	verbatim		43	0	txt
user-comm_cloud-webmail/src/code/arm64/webapp/lib/__tests__/event-end-follows-start.test.ts	verbatim		35	0	txt
user-comm_cloud-webmail/src/code/arm64/webapp/lib/__tests__/favicon-badge.test.ts	verbatim		348	0	txt
user-comm_cloud-webmail/src/code/arm64/webapp/lib/__tests__/fetch-ical-route.test.ts	verbatim		101	0	txt
user-comm_cloud-webmail/src/code/arm64/webapp/lib/__tests__/file-preview.test.ts	verbatim		26	0	txt
user-comm_cloud-webmail/src/code/arm64/webapp/lib/__tests__/filenode-name.test.ts	verbatim		35	0	txt
user-comm_cloud-webmail/src/code/arm64/webapp/lib/__tests__/forward-as-attachment.test.ts	verbatim		85	0	txt
user-comm_cloud-webmail/src/code/arm64/webapp/lib/__tests__/health-route.test.ts	verbatim		83	0	txt
user-comm_cloud-webmail/src/code/arm64/webapp/lib/__tests__/helpers/factories.ts	verbatim		31	0	txt
user-comm_cloud-webmail/src/code/arm64/webapp/lib/__tests__/host-theme.test.ts	verbatim		39	0	txt
user-comm_cloud-webmail/src/code/arm64/webapp/lib/__tests__/html-to-text.test.ts	verbatim		46	0	txt
user-comm_cloud-webmail/src/code/arm64/webapp/lib/__tests__/impersonation-jwt.test.ts	verbatim		110	0	txt
user-comm_cloud-webmail/src/code/arm64/webapp/lib/__tests__/ios-input-zoom.test.ts	verbatim		59	0	txt
user-comm_cloud-webmail/src/code/arm64/webapp/lib/__tests__/jitsi-plugin.test.ts	verbatim		201	0	txt
user-comm_cloud-webmail/src/code/arm64/webapp/lib/__tests__/jmap-calendar-access.test.ts	verbatim		84	0	txt
user-comm_cloud-webmail/src/code/arm64/webapp/lib/__tests__/jmap-calendar-capability.test.ts	verbatim		84	0	txt
user-comm_cloud-webmail/src/code/arm64/webapp/lib/__tests__/jmap-client-resilience.test.ts	verbatim		663	0	txt
user-comm_cloud-webmail/src/code/arm64/webapp/lib/__tests__/jmap-contact-client.test.ts	verbatim		536	0	txt
user-comm_cloud-webmail/src/code/arm64/webapp/lib/__tests__/jmap-contacts-capability.test.ts	verbatim		84	0	txt
user-comm_cloud-webmail/src/code/arm64/webapp/lib/__tests__/jmap-create-calendar-caldav.test.ts	verbatim		129	0	txt
user-comm_cloud-webmail/src/code/arm64/webapp/lib/__tests__/jmap-draft-lifecycle.test.ts	verbatim		186	0	txt
user-comm_cloud-webmail/src/code/arm64/webapp/lib/__tests__/jmap-empty-mailbox.test.ts	verbatim		107	0	txt
user-comm_cloud-webmail/src/code/arm64/webapp/lib/__tests__/jmap-file-capability.test.ts	verbatim		66	0	txt
user-comm_cloud-webmail/src/code/arm64/webapp/lib/__tests__/jmap-file-share.test.ts	verbatim		94	0	txt
user-comm_cloud-webmail/src/code/arm64/webapp/lib/__tests__/jmap-filenode-client.test.ts	verbatim		50	0	txt
user-comm_cloud-webmail/src/code/arm64/webapp/lib/__tests__/jmap-first-touch-ordering.test.ts	verbatim		115	0	txt
user-comm_cloud-webmail/src/code/arm64/webapp/lib/__tests__/jmap-identity-client.test.ts	verbatim		259	0	txt
user-comm_cloud-webmail/src/code/arm64/webapp/lib/__tests__/jmap-keyword-account.test.ts	verbatim		151	0	txt
user-comm_cloud-webmail/src/code/arm64/webapp/lib/__tests__/jmap-keyword-discovery.test.ts	verbatim		230	0	txt
user-comm_cloud-webmail/src/code/arm64/webapp/lib/__tests__/jmap-keyword-pointer.test.ts	verbatim		325	0	txt
user-comm_cloud-webmail/src/code/arm64/webapp/lib/__tests__/jmap-list-order.test.ts	verbatim		163	0	txt
user-comm_cloud-webmail/src/code/arm64/webapp/lib/__tests__/jmap-mailbox-account.test.ts	verbatim		85	0	txt
user-comm_cloud-webmail/src/code/arm64/webapp/lib/__tests__/jmap-passthrough.test.ts	verbatim		97	0	txt
user-comm_cloud-webmail/src/code/arm64/webapp/lib/__tests__/jmap-recipient-mailboxes.test.ts	verbatim		123	0	txt
user-comm_cloud-webmail/src/code/arm64/webapp/lib/__tests__/jmap-request-limits.test.ts	verbatim		242	0	txt
user-comm_cloud-webmail/src/code/arm64/webapp/lib/__tests__/jmap-send-threading.test.ts	verbatim		294	0	txt
user-comm_cloud-webmail/src/code/arm64/webapp/lib/__tests__/keyboard.test.ts	verbatim		69	0	txt
user-comm_cloud-webmail/src/code/arm64/webapp/lib/__tests__/keyword-discovery.test.ts	verbatim		145	0	txt
user-comm_cloud-webmail/src/code/arm64/webapp/lib/__tests__/keyword-format.test.ts	verbatim		98	0	txt
user-comm_cloud-webmail/src/code/arm64/webapp/lib/__tests__/keyword-nesting.test.ts	verbatim		148	0	txt
user-comm_cloud-webmail/src/code/arm64/webapp/lib/__tests__/layout-link-preview.test.ts	verbatim		103	0	txt
user-comm_cloud-webmail/src/code/arm64/webapp/lib/__tests__/layout-theme-color.test.ts	verbatim		64	0	txt
user-comm_cloud-webmail/src/code/arm64/webapp/lib/__tests__/mailbox-deep-nesting.test.ts	verbatim		431	0	txt
user-comm_cloud-webmail/src/code/arm64/webapp/lib/__tests__/mailbox-label.test.ts	verbatim		38	0	txt
user-comm_cloud-webmail/src/code/arm64/webapp/lib/__tests__/mailbox-path.test.ts	verbatim		126	0	txt
user-comm_cloud-webmail/src/code/arm64/webapp/lib/__tests__/mailto.test.ts	verbatim		35	0	txt
user-comm_cloud-webmail/src/code/arm64/webapp/lib/__tests__/mdn.test.ts	verbatim		84	0	txt
user-comm_cloud-webmail/src/code/arm64/webapp/lib/__tests__/message-list-order.test.ts	verbatim		208	0	txt
user-comm_cloud-webmail/src/code/arm64/webapp/lib/__tests__/message-list-tabs-store.test.ts	verbatim		127	0	txt
user-comm_cloud-webmail/src/code/arm64/webapp/lib/__tests__/oauth-discovery.test.ts	verbatim		215	0	txt
user-comm_cloud-webmail/src/code/arm64/webapp/lib/__tests__/oauth-metadata-route.test.ts	verbatim		81	0	txt
user-comm_cloud-webmail/src/code/arm64/webapp/lib/__tests__/oauth-pkce.test.ts	verbatim		53	0	txt
user-comm_cloud-webmail/src/code/arm64/webapp/lib/__tests__/oauth-token-exchange.test.ts	verbatim		57	0	txt
user-comm_cloud-webmail/src/code/arm64/webapp/lib/__tests__/oauth-token-route.test.ts	verbatim		203	0	txt
user-comm_cloud-webmail/src/code/arm64/webapp/lib/__tests__/og-image-route.test.ts	verbatim		127	0	txt
user-comm_cloud-webmail/src/code/arm64/webapp/lib/__tests__/plugin-api-gates.test.ts	verbatim		265	0	txt
user-comm_cloud-webmail/src/code/arm64/webapp/lib/__tests__/plugin-hooks.test.ts	verbatim		282	0	txt
user-comm_cloud-webmail/src/code/arm64/webapp/lib/__tests__/plugin-loader.test.ts	verbatim		38	0	txt
user-comm_cloud-webmail/src/code/arm64/webapp/lib/__tests__/plugin-slot.test.tsx	verbatim		93	0	txt
user-comm_cloud-webmail/src/code/arm64/webapp/lib/__tests__/plugin-storage.test.ts	verbatim		69	0	txt
user-comm_cloud-webmail/src/code/arm64/webapp/lib/__tests__/plugin-store.test.ts	verbatim		103	0	txt
user-comm_cloud-webmail/src/code/arm64/webapp/lib/__tests__/plugin-types.test.ts	verbatim		116	0	txt
user-comm_cloud-webmail/src/code/arm64/webapp/lib/__tests__/plugin-upload-progress.test.ts	verbatim		139	0	txt
user-comm_cloud-webmail/src/code/arm64/webapp/lib/__tests__/plugin-validator.test.ts	verbatim		396	0	txt
user-comm_cloud-webmail/src/code/arm64/webapp/lib/__tests__/protocol-handlers.test.ts	verbatim		143	0	txt
user-comm_cloud-webmail/src/code/arm64/webapp/lib/__tests__/proxy-forwarded-headers.test.ts	verbatim		113	0	txt
user-comm_cloud-webmail/src/code/arm64/webapp/lib/__tests__/push-relays.test.ts	verbatim		65	0	txt
user-comm_cloud-webmail/src/code/arm64/webapp/lib/__tests__/quote-collapse.test.ts	verbatim		217	0	txt
user-comm_cloud-webmail/src/code/arm64/webapp/lib/__tests__/quote-header.test.ts	verbatim		83	0	txt
user-comm_cloud-webmail/src/code/arm64/webapp/lib/__tests__/recurrence-expansion.test.ts	verbatim		534	0	txt
user-comm_cloud-webmail/src/code/arm64/webapp/lib/__tests__/recurrence-overrides.test.ts	verbatim		54	0	txt
user-comm_cloud-webmail/src/code/arm64/webapp/lib/__tests__/recurrence-rule.test.ts	verbatim		37	0	txt
user-comm_cloud-webmail/src/code/arm64/webapp/lib/__tests__/reply-identity.test.ts	verbatim		158	0	txt
user-comm_cloud-webmail/src/code/arm64/webapp/lib/__tests__/reply-recipients.test.ts	verbatim		118	0	txt
user-comm_cloud-webmail/src/code/arm64/webapp/lib/__tests__/rfc5322-mailbox.test.ts	verbatim		53	0	txt
user-comm_cloud-webmail/src/code/arm64/webapp/lib/__tests__/search-suggestions.test.ts	verbatim		90	0	txt
user-comm_cloud-webmail/src/code/arm64/webapp/lib/__tests__/search-utils.test.ts	verbatim		312	0	txt
user-comm_cloud-webmail/src/code/arm64/webapp/lib/__tests__/session-cookie.test.ts	verbatim		19	0	txt
user-comm_cloud-webmail/src/code/arm64/webapp/lib/__tests__/shared-calendar-colors.test.ts	verbatim		69	0	txt
user-comm_cloud-webmail/src/code/arm64/webapp/lib/__tests__/sieve-generator.test.ts	verbatim		193	0	txt
user-comm_cloud-webmail/src/code/arm64/webapp/lib/__tests__/signature-append.test.ts	verbatim		57	0	txt
user-comm_cloud-webmail/src/code/arm64/webapp/lib/__tests__/signature-utils.test.ts	verbatim		95	0	txt
user-comm_cloud-webmail/src/code/arm64/webapp/lib/__tests__/stalwart-jmap-api.test.ts	verbatim		107	0	txt
user-comm_cloud-webmail/src/code/arm64/webapp/lib/__tests__/stalwart-principal.test.ts	verbatim		48	0	txt
user-comm_cloud-webmail/src/code/arm64/webapp/lib/__tests__/sub-addressing.test.ts	verbatim		400	0	txt
user-comm_cloud-webmail/src/code/arm64/webapp/lib/__tests__/subject-prefix.test.ts	verbatim		73	0	txt
user-comm_cloud-webmail/src/code/arm64/webapp/lib/__tests__/telemetry-endpoint-guard.test.ts	verbatim		166	0	txt
user-comm_cloud-webmail/src/code/arm64/webapp/lib/__tests__/template-sync.test.ts	verbatim		125	0	txt
user-comm_cloud-webmail/src/code/arm64/webapp/lib/__tests__/template-utils.test.ts	verbatim		346	0	txt
user-comm_cloud-webmail/src/code/arm64/webapp/lib/__tests__/theme-color-meta.test.ts	verbatim		73	0	txt
user-comm_cloud-webmail/src/code/arm64/webapp/lib/__tests__/theme-compiler.test.ts	verbatim		166	0	txt
user-comm_cloud-webmail/src/code/arm64/webapp/lib/__tests__/theme-loader.test.ts	verbatim		204	0	txt
user-comm_cloud-webmail/src/code/arm64/webapp/lib/__tests__/thread-routing.test.ts	verbatim		60	0	txt
user-comm_cloud-webmail/src/code/arm64/webapp/lib/__tests__/thread-utils.test.ts	verbatim		359	0	txt
user-comm_cloud-webmail/src/code/arm64/webapp/lib/__tests__/timezone.test.ts	verbatim		153	0	txt
user-comm_cloud-webmail/src/code/arm64/webapp/lib/__tests__/tnef.test.ts	verbatim		0	0	bin
user-comm_cloud-webmail/src/code/arm64/webapp/lib/__tests__/translations.test.ts	verbatim		131	0	txt
user-comm_cloud-webmail/src/code/arm64/webapp/lib/__tests__/unified-mailbox-cross.test.ts	verbatim		202	0	txt
user-comm_cloud-webmail/src/code/arm64/webapp/lib/__tests__/unified-mailbox.test.ts	verbatim		186	0	txt
user-comm_cloud-webmail/src/code/arm64/webapp/lib/__tests__/upload-progress.test.ts	verbatim		45	0	txt
user-comm_cloud-webmail/src/code/arm64/webapp/lib/__tests__/url-guard-connect-pin.test.ts	verbatim		71	0	txt
user-comm_cloud-webmail/src/code/arm64/webapp/lib/__tests__/url-guard.test.ts	verbatim		263	0	txt
user-comm_cloud-webmail/src/code/arm64/webapp/lib/__tests__/validation.test.ts	verbatim		329	0	txt
user-comm_cloud-webmail/src/code/arm64/webapp/lib/__tests__/vcard.test.ts	verbatim		874	0	txt
user-comm_cloud-webmail/src/code/arm64/webapp/lib/__tests__/verify-jmap-auth.test.ts	verbatim		206	0	txt
user-comm_cloud-webmail/src/code/arm64/webapp/lib/__tests__/version-compare.test.ts	verbatim		39	0	txt
user-comm_cloud-webmail/src/code/arm64/webapp/lib/__tests__/web-push.test.ts	verbatim		394	0	txt
user-comm_cloud-webmail/src/code/arm64/webapp/lib/__tests__/webdav-route.test.ts	verbatim		151	0	txt
user-comm_cloud-webmail/src/code/arm64/webapp/lib/account-state-manager.ts	verbatim		141	0	txt
user-comm_cloud-webmail/src/code/arm64/webapp/lib/account-utils.ts	verbatim		131	0	txt
user-comm_cloud-webmail/src/code/arm64/webapp/lib/admin/__tests__/migrate-policy.test.ts	verbatim		50	0	txt
user-comm_cloud-webmail/src/code/arm64/webapp/lib/admin/audit.ts	verbatim		73	0	txt
user-comm_cloud-webmail/src/code/arm64/webapp/lib/admin/branding-asset.ts	verbatim		33	0	txt
user-comm_cloud-webmail/src/code/arm64/webapp/lib/admin/config-manager.ts	verbatim		219	0	txt
user-comm_cloud-webmail/src/code/arm64/webapp/lib/admin/csp-frame-origins.ts	verbatim		128	0	txt
user-comm_cloud-webmail/src/code/arm64/webapp/lib/admin/domain-branding.ts	verbatim		144	0	txt
user-comm_cloud-webmail/src/code/arm64/webapp/lib/admin/jmap-servers.ts	verbatim		155	0	txt
user-comm_cloud-webmail/src/code/arm64/webapp/lib/admin/migrate.ts	verbatim		227	0	txt
user-comm_cloud-webmail/src/code/arm64/webapp/lib/admin/password.ts	verbatim		229	0	txt
user-comm_cloud-webmail/src/code/arm64/webapp/lib/admin/paths.ts	verbatim		113	0	txt
user-comm_cloud-webmail/src/code/arm64/webapp/lib/admin/plugin-approvals.ts	verbatim		157	0	txt
user-comm_cloud-webmail/src/code/arm64/webapp/lib/admin/plugin-config.ts	verbatim		70	0	txt
user-comm_cloud-webmail/src/code/arm64/webapp/lib/admin/plugin-dev.ts	verbatim		223	0	txt
user-comm_cloud-webmail/src/code/arm64/webapp/lib/admin/plugin-registry.ts	verbatim		289	0	txt
user-comm_cloud-webmail/src/code/arm64/webapp/lib/admin/plugin-signing.ts	verbatim		86	0	txt
user-comm_cloud-webmail/src/code/arm64/webapp/lib/admin/rate-limit.ts	verbatim		37	0	txt
user-comm_cloud-webmail/src/code/arm64/webapp/lib/admin/session.ts	verbatim		164	0	txt
user-comm_cloud-webmail/src/code/arm64/webapp/lib/admin/stalwart-admin-access.ts	verbatim		30	0	txt
user-comm_cloud-webmail/src/code/arm64/webapp/lib/admin/types.ts	verbatim		231	0	txt
user-comm_cloud-webmail/src/code/arm64/webapp/lib/auth/active-account-slot.ts	verbatim		15	0	txt
user-comm_cloud-webmail/src/code/arm64/webapp/lib/auth/crypto.ts	verbatim		76	0	txt
user-comm_cloud-webmail/src/code/arm64/webapp/lib/auth/pair-reauth.ts	verbatim		33	0	txt
user-comm_cloud-webmail/src/code/arm64/webapp/lib/auth/pairing-store.ts	verbatim		54	0	txt
user-comm_cloud-webmail/src/code/arm64/webapp/lib/auth/session-cookie.ts	verbatim		6	0	txt
user-comm_cloud-webmail/src/code/arm64/webapp/lib/auth/session-secret.ts	verbatim		31	0	txt
user-comm_cloud-webmail/src/code/arm64/webapp/lib/auth/verify-jmap-auth.ts	verbatim		144	0	txt
user-comm_cloud-webmail/src/code/arm64/webapp/lib/birthday-calendar.ts	verbatim		188	0	txt
user-comm_cloud-webmail/src/code/arm64/webapp/lib/browser-navigation.ts	verbatim		118	0	txt
user-comm_cloud-webmail/src/code/arm64/webapp/lib/builtin-themes.ts	verbatim		920	0	txt
user-comm_cloud-webmail/src/code/arm64/webapp/lib/calendar-alerts.ts	verbatim		165	0	txt
user-comm_cloud-webmail/src/code/arm64/webapp/lib/calendar-component-detection.ts	verbatim		63	0	txt
user-comm_cloud-webmail/src/code/arm64/webapp/lib/calendar-editability.ts	verbatim		64	0	txt
user-comm_cloud-webmail/src/code/arm64/webapp/lib/calendar-event-normalization.ts	verbatim		121	0	txt
user-comm_cloud-webmail/src/code/arm64/webapp/lib/calendar-ics-export.ts	verbatim		167	0	txt
user-comm_cloud-webmail/src/code/arm64/webapp/lib/calendar-invitation.ts	verbatim		504	0	txt
user-comm_cloud-webmail/src/code/arm64/webapp/lib/calendar-participants.ts	verbatim		193	0	txt
user-comm_cloud-webmail/src/code/arm64/webapp/lib/calendar-utils.ts	verbatim		267	0	txt
user-comm_cloud-webmail/src/code/arm64/webapp/lib/clear-cached-data.ts	verbatim		41	0	txt
user-comm_cloud-webmail/src/code/arm64/webapp/lib/color-transform.ts	verbatim		176	0	txt
user-comm_cloud-webmail/src/code/arm64/webapp/lib/debug.ts	verbatim		100	0	txt
user-comm_cloud-webmail/src/code/arm64/webapp/lib/deep-link-handoff.ts	verbatim		64	0	txt
user-comm_cloud-webmail/src/code/arm64/webapp/lib/deep-links.ts	verbatim		386	0	txt
user-comm_cloud-webmail/src/code/arm64/webapp/lib/demo/demo-client.ts	verbatim		1148	0	txt
user-comm_cloud-webmail/src/code/arm64/webapp/lib/demo/demo-data.ts	verbatim		45	0	txt
user-comm_cloud-webmail/src/code/arm64/webapp/lib/demo/demo-utils.ts	verbatim		31	0	txt
user-comm_cloud-webmail/src/code/arm64/webapp/lib/demo/fixtures/calendars.ts	verbatim		267	0	txt
user-comm_cloud-webmail/src/code/arm64/webapp/lib/demo/fixtures/contacts.ts	verbatim		265	0	txt
user-comm_cloud-webmail/src/code/arm64/webapp/lib/demo/fixtures/emails.ts	verbatim		810	0	txt
user-comm_cloud-webmail/src/code/arm64/webapp/lib/demo/fixtures/files.ts	verbatim		90	0	txt
user-comm_cloud-webmail/src/code/arm64/webapp/lib/demo/fixtures/filters.ts	verbatim		45	0	txt
user-comm_cloud-webmail/src/code/arm64/webapp/lib/demo/fixtures/identities.ts	verbatim		21	0	txt
user-comm_cloud-webmail/src/code/arm64/webapp/lib/demo/fixtures/mailboxes.ts	verbatim		16	0	txt
user-comm_cloud-webmail/src/code/arm64/webapp/lib/demo/fixtures/tasks.ts	verbatim		139	0	txt
user-comm_cloud-webmail/src/code/arm64/webapp/lib/demo/fixtures/vacation.ts	verbatim		12	0	txt
user-comm_cloud-webmail/src/code/arm64/webapp/lib/download-filename.ts	verbatim		253	0	txt
user-comm_cloud-webmail/src/code/arm64/webapp/lib/email-composer-utils.ts	verbatim		537	0	txt
user-comm_cloud-webmail/src/code/arm64/webapp/lib/email-date.ts	verbatim		39	0	txt
user-comm_cloud-webmail/src/code/arm64/webapp/lib/email-headers.ts	verbatim		269	0	txt
user-comm_cloud-webmail/src/code/arm64/webapp/lib/email-sanitization.ts	verbatim		651	0	txt
user-comm_cloud-webmail/src/code/arm64/webapp/lib/email-source.ts	verbatim		129	0	txt
user-comm_cloud-webmail/src/code/arm64/webapp/lib/email-threading.ts	verbatim		44	0	txt
user-comm_cloud-webmail/src/code/arm64/webapp/lib/eml-import.ts	verbatim		42	0	txt
user-comm_cloud-webmail/src/code/arm64/webapp/lib/error-reporting.ts	verbatim		39	0	txt
user-comm_cloud-webmail/src/code/arm64/webapp/lib/favicon-badge.ts	verbatim		210	0	txt
user-comm_cloud-webmail/src/code/arm64/webapp/lib/file-preview.ts	verbatim		76	0	txt
user-comm_cloud-webmail/src/code/arm64/webapp/lib/folder-tree-dnd.ts	verbatim		140	0	txt
user-comm_cloud-webmail/src/code/arm64/webapp/lib/forward-as-attachment.ts	verbatim		54	0	txt
user-comm_cloud-webmail/src/code/arm64/webapp/lib/html-to-text.ts	verbatim		146	0	txt
user-comm_cloud-webmail/src/code/arm64/webapp/lib/iframe-bridge.ts	verbatim		55	0	txt
user-comm_cloud-webmail/src/code/arm64/webapp/lib/impersonation/jwt.ts	verbatim		165	0	txt
user-comm_cloud-webmail/src/code/arm64/webapp/lib/impersonation/master-config.ts	verbatim		48	0	txt
user-comm_cloud-webmail/src/code/arm64/webapp/lib/jalali-utils.ts	verbatim		151	0	txt
user-comm_cloud-webmail/src/code/arm64/webapp/lib/jmap/__tests__/first-touch-gate.test.ts	verbatim		108	0	txt
user-comm_cloud-webmail/src/code/arm64/webapp/lib/jmap/__tests__/query-anchor.test.ts	new		0	182	txt
user-comm_cloud-webmail/src/code/arm64/webapp/lib/jmap/client-interface.ts	verbatim		398	0	txt
user-comm_cloud-webmail/src/code/arm64/webapp/lib/jmap/client.ts	modified	lib/jmap/client.ts	7148	89	txt
user-comm_cloud-webmail/src/code/arm64/webapp/lib/jmap/filenode-name.ts	verbatim		27	0	txt
user-comm_cloud-webmail/src/code/arm64/webapp/lib/jmap/first-touch-gate.ts	verbatim		91	0	txt
user-comm_cloud-webmail/src/code/arm64/webapp/lib/jmap/page-anchors.ts	new		0	74	txt
user-comm_cloud-webmail/src/code/arm64/webapp/lib/jmap/patch-pointer.ts	verbatim		26	0	txt
user-comm_cloud-webmail/src/code/arm64/webapp/lib/jmap/request-limits.ts	verbatim		24	0	txt
user-comm_cloud-webmail/src/code/arm64/webapp/lib/jmap/search-utils.ts	verbatim		124	0	txt
user-comm_cloud-webmail/src/code/arm64/webapp/lib/jmap/sieve-types.ts	verbatim		73	0	txt
user-comm_cloud-webmail/src/code/arm64/webapp/lib/jmap/types.ts	verbatim		903	0	txt
user-comm_cloud-webmail/src/code/arm64/webapp/lib/keyboard.ts	verbatim		26	0	txt
user-comm_cloud-webmail/src/code/arm64/webapp/lib/keyword-discovery.ts	verbatim		166	0	txt
user-comm_cloud-webmail/src/code/arm64/webapp/lib/keyword-format.ts	verbatim		77	0	txt
user-comm_cloud-webmail/src/code/arm64/webapp/lib/keyword-nesting.ts	verbatim		123	0	txt
user-comm_cloud-webmail/src/code/arm64/webapp/lib/logger.ts	verbatim		53	0	txt
user-comm_cloud-webmail/src/code/arm64/webapp/lib/mailbox-label.ts	verbatim		43	0	txt
user-comm_cloud-webmail/src/code/arm64/webapp/lib/mdn.ts	verbatim		138	0	txt
user-comm_cloud-webmail/src/code/arm64/webapp/lib/message-list-order.ts	verbatim		279	0	txt
user-comm_cloud-webmail/src/code/arm64/webapp/lib/notification-sound.ts	verbatim		57	0	txt
user-comm_cloud-webmail/src/code/arm64/webapp/lib/oauth/cookie-config.ts	verbatim		15	0	txt
user-comm_cloud-webmail/src/code/arm64/webapp/lib/oauth/discovery.ts	verbatim		158	0	txt
user-comm_cloud-webmail/src/code/arm64/webapp/lib/oauth/pkce-server.ts	verbatim		14	0	txt
user-comm_cloud-webmail/src/code/arm64/webapp/lib/oauth/pkce.ts	verbatim		24	0	txt
user-comm_cloud-webmail/src/code/arm64/webapp/lib/oauth/token-exchange.ts	verbatim		127	0	txt
user-comm_cloud-webmail/src/code/arm64/webapp/lib/oauth/tokens.ts	verbatim		70	0	txt
user-comm_cloud-webmail/src/code/arm64/webapp/lib/plugin-hooks.ts	verbatim		635	0	txt
user-comm_cloud-webmail/src/code/arm64/webapp/lib/plugin-i18n.ts	verbatim		99	0	txt
user-comm_cloud-webmail/src/code/arm64/webapp/lib/plugin-loader.ts	verbatim		60	0	txt
user-comm_cloud-webmail/src/code/arm64/webapp/lib/plugin-projection.ts	verbatim		57	0	txt
user-comm_cloud-webmail/src/code/arm64/webapp/lib/plugin-sandbox/bundle-integrity.ts	verbatim		54	0	txt
user-comm_cloud-webmail/src/code/arm64/webapp/lib/plugin-sandbox/bundle-signing.ts	verbatim		84	0	txt
user-comm_cloud-webmail/src/code/arm64/webapp/lib/plugin-sandbox/consent.ts	verbatim		84	0	txt
user-comm_cloud-webmail/src/code/arm64/webapp/lib/plugin-sandbox/host-api.ts	verbatim		1392	0	txt
user-comm_cloud-webmail/src/code/arm64/webapp/lib/plugin-sandbox/host-bridge.ts	verbatim		338	0	txt
user-comm_cloud-webmail/src/code/arm64/webapp/lib/plugin-sandbox/host-dialog.ts	verbatim		101	0	txt
user-comm_cloud-webmail/src/code/arm64/webapp/lib/plugin-sandbox/host-theme.ts	verbatim		126	0	txt
user-comm_cloud-webmail/src/code/arm64/webapp/lib/plugin-sandbox/loader.ts	verbatim		190	0	txt
user-comm_cloud-webmail/src/code/arm64/webapp/lib/plugin-sandbox/protocol.ts	verbatim		229	0	txt
user-comm_cloud-webmail/src/code/arm64/webapp/lib/plugin-sandbox/registry.ts	verbatim		83	0	txt
user-comm_cloud-webmail/src/code/arm64/webapp/lib/plugin-sandbox/runtime.tsx	verbatim		676	0	txt
user-comm_cloud-webmail/src/code/arm64/webapp/lib/plugin-sandbox/shortcuts.ts	verbatim		115	0	txt
user-comm_cloud-webmail/src/code/arm64/webapp/lib/plugin-sandbox/tier.ts	verbatim		57	0	txt
user-comm_cloud-webmail/src/code/arm64/webapp/lib/plugin-storage.ts	verbatim		120	0	txt
user-comm_cloud-webmail/src/code/arm64/webapp/lib/plugin-types.ts	verbatim		996	0	txt
user-comm_cloud-webmail/src/code/arm64/webapp/lib/plugin-validator.ts	verbatim		348	0	txt
user-comm_cloud-webmail/src/code/arm64/webapp/lib/protocol-handlers/mailto.ts	verbatim		122	0	txt
user-comm_cloud-webmail/src/code/arm64/webapp/lib/protocol-handlers/session.ts	verbatim		312	0	txt
user-comm_cloud-webmail/src/code/arm64/webapp/lib/protocol-handlers/webcal.ts	verbatim		41	0	txt
user-comm_cloud-webmail/src/code/arm64/webapp/lib/push-relays.ts	verbatim		68	0	txt
user-comm_cloud-webmail/src/code/arm64/webapp/lib/quote-collapse.ts	verbatim		233	0	txt
user-comm_cloud-webmail/src/code/arm64/webapp/lib/quote-header.ts	verbatim		113	0	txt
user-comm_cloud-webmail/src/code/arm64/webapp/lib/read-file-env.ts	verbatim		11	0	txt
user-comm_cloud-webmail/src/code/arm64/webapp/lib/recurrence-expansion.ts	verbatim		778	0	txt
user-comm_cloud-webmail/src/code/arm64/webapp/lib/recurrence-overrides.ts	verbatim		30	0	txt
user-comm_cloud-webmail/src/code/arm64/webapp/lib/recurrence-rule.ts	verbatim		31	0	txt
user-comm_cloud-webmail/src/code/arm64/webapp/lib/reply-identity.ts	verbatim		219	0	txt
user-comm_cloud-webmail/src/code/arm64/webapp/lib/reply-recipients.ts	verbatim		95	0	txt
user-comm_cloud-webmail/src/code/arm64/webapp/lib/rfc5322-mailbox.ts	verbatim		53	0	txt
user-comm_cloud-webmail/src/code/arm64/webapp/lib/search-suggestions.ts	verbatim		83	0	txt
user-comm_cloud-webmail/src/code/arm64/webapp/lib/security/app-frame-origins-client.ts	verbatim		42	0	txt
user-comm_cloud-webmail/src/code/arm64/webapp/lib/security/app-frame-origins.ts	verbatim		98	0	txt
user-comm_cloud-webmail/src/code/arm64/webapp/lib/security/url-guard.ts	verbatim		210	0	txt
user-comm_cloud-webmail/src/code/arm64/webapp/lib/settings-sync.ts	verbatim		73	0	txt
user-comm_cloud-webmail/src/code/arm64/webapp/lib/setup/session.ts	verbatim		42	0	txt
user-comm_cloud-webmail/src/code/arm64/webapp/lib/setup/state.ts	verbatim		49	0	txt
user-comm_cloud-webmail/src/code/arm64/webapp/lib/setup/token.ts	verbatim		102	0	txt
user-comm_cloud-webmail/src/code/arm64/webapp/lib/shared-calendar-colors.ts	verbatim		52	0	txt
user-comm_cloud-webmail/src/code/arm64/webapp/lib/sieve/__tests__/external-rules.test.ts	verbatim		331	0	txt
user-comm_cloud-webmail/src/code/arm64/webapp/lib/sieve/__tests__/fixtures/mixed-origins.sieve	verbatim		36	0	txt
user-comm_cloud-webmail/src/code/arm64/webapp/lib/sieve/__tests__/generator.test.ts	verbatim		412	0	txt
user-comm_cloud-webmail/src/code/arm64/webapp/lib/sieve/__tests__/parser.test.ts	verbatim		194	0	txt
user-comm_cloud-webmail/src/code/arm64/webapp/lib/sieve/generator.ts	verbatim		244	0	txt
user-comm_cloud-webmail/src/code/arm64/webapp/lib/sieve/parser.ts	verbatim		756	0	txt
user-comm_cloud-webmail/src/code/arm64/webapp/lib/signature-utils.ts	verbatim		135	0	txt
user-comm_cloud-webmail/src/code/arm64/webapp/lib/stalwart/auth-context.ts	verbatim		61	0	txt
user-comm_cloud-webmail/src/code/arm64/webapp/lib/stalwart/credentials.ts	verbatim		39	0	txt
user-comm_cloud-webmail/src/code/arm64/webapp/lib/stalwart/jmap-api.ts	verbatim		122	0	txt
user-comm_cloud-webmail/src/code/arm64/webapp/lib/stalwart/jmap-passthrough.ts	verbatim		71	0	txt
user-comm_cloud-webmail/src/code/arm64/webapp/lib/stalwart/principal.ts	verbatim		46	0	txt
user-comm_cloud-webmail/src/code/arm64/webapp/lib/sub-addressing.ts	verbatim		167	0	txt
user-comm_cloud-webmail/src/code/arm64/webapp/lib/subject-prefix.ts	verbatim		136	0	txt
user-comm_cloud-webmail/src/code/arm64/webapp/lib/telemetry/endpoint-guard.ts	verbatim		155	0	txt
user-comm_cloud-webmail/src/code/arm64/webapp/lib/telemetry/index.ts	verbatim		15	0	txt
user-comm_cloud-webmail/src/code/arm64/webapp/lib/telemetry/login-tracker.ts	verbatim		111	0	txt
user-comm_cloud-webmail/src/code/arm64/webapp/lib/telemetry/payload.ts	verbatim		163	0	txt
user-comm_cloud-webmail/src/code/arm64/webapp/lib/telemetry/sender.ts	verbatim		100	0	txt
user-comm_cloud-webmail/src/code/arm64/webapp/lib/telemetry/state.ts	verbatim		91	0	txt
user-comm_cloud-webmail/src/code/arm64/webapp/lib/telemetry/types.ts	verbatim		41	0	txt
user-comm_cloud-webmail/src/code/arm64/webapp/lib/template-types.ts	verbatim		29	0	txt
user-comm_cloud-webmail/src/code/arm64/webapp/lib/template-utils.ts	verbatim		304	0	txt
user-comm_cloud-webmail/src/code/arm64/webapp/lib/theme-color-meta.ts	verbatim		76	0	txt
user-comm_cloud-webmail/src/code/arm64/webapp/lib/theme-compiler.ts	verbatim		267	0	txt
user-comm_cloud-webmail/src/code/arm64/webapp/lib/theme-loader.ts	verbatim		152	0	txt
user-comm_cloud-webmail/src/code/arm64/webapp/lib/thread-routing.ts	verbatim		55	0	txt
user-comm_cloud-webmail/src/code/arm64/webapp/lib/thread-utils.ts	verbatim		211	0	txt
user-comm_cloud-webmail/src/code/arm64/webapp/lib/timezone.ts	verbatim		210	0	txt
user-comm_cloud-webmail/src/code/arm64/webapp/lib/tnef.ts	verbatim		347	0	txt
user-comm_cloud-webmail/src/code/arm64/webapp/lib/unified-mailbox.ts	verbatim		461	0	txt
user-comm_cloud-webmail/src/code/arm64/webapp/lib/upload-progress.ts	verbatim		38	0	txt
user-comm_cloud-webmail/src/code/arm64/webapp/lib/utils.ts	verbatim		543	0	txt
user-comm_cloud-webmail/src/code/arm64/webapp/lib/validation.ts	verbatim		137	0	txt
user-comm_cloud-webmail/src/code/arm64/webapp/lib/vcard.ts	verbatim		1357	0	txt
user-comm_cloud-webmail/src/code/arm64/webapp/lib/version-check/fetcher.ts	verbatim		73	0	txt
user-comm_cloud-webmail/src/code/arm64/webapp/lib/version-check/index.ts	verbatim		7	0	txt
user-comm_cloud-webmail/src/code/arm64/webapp/lib/version-check/sender.ts	verbatim		85	0	txt
user-comm_cloud-webmail/src/code/arm64/webapp/lib/version-check/state.ts	verbatim		54	0	txt
user-comm_cloud-webmail/src/code/arm64/webapp/lib/version-check/types.ts	verbatim		21	0	txt
user-comm_cloud-webmail/src/code/arm64/webapp/lib/version-compare.ts	verbatim		37	0	txt
user-comm_cloud-webmail/src/code/arm64/webapp/lib/web-push.ts	verbatim		627	0	txt
user-comm_cloud-webmail/src/code/arm64/webapp/lib/webdav/calendar-collection.ts	verbatim		65	0	txt
user-comm_cloud-webmail/src/code/arm64/webapp/lib/webdav/client.ts	verbatim		260	0	txt
user-comm_cloud-webmail/src/code/arm64/webapp/lib/webdav/drop-utils.ts	verbatim		115	0	txt
user-comm_cloud-webmail/src/code/arm64/webapp/locales/ar/common.json	verbatim		3495	0	txt
user-comm_cloud-webmail/src/code/arm64/webapp/locales/ca/common.json	verbatim		3495	0	txt
user-comm_cloud-webmail/src/code/arm64/webapp/locales/cs/common.json	verbatim		3495	0	txt
user-comm_cloud-webmail/src/code/arm64/webapp/locales/da/common.json	verbatim		3495	0	txt
user-comm_cloud-webmail/src/code/arm64/webapp/locales/de/common.json	verbatim		3495	0	txt
user-comm_cloud-webmail/src/code/arm64/webapp/locales/en/common.json	modified	locales/en/common.json	3495	3	txt
user-comm_cloud-webmail/src/code/arm64/webapp/locales/es/common.json	verbatim		3495	0	txt
user-comm_cloud-webmail/src/code/arm64/webapp/locales/fa/common.json	verbatim		3495	0	txt
user-comm_cloud-webmail/src/code/arm64/webapp/locales/fr/common.json	verbatim		3495	0	txt
user-comm_cloud-webmail/src/code/arm64/webapp/locales/he/common.json	verbatim		3496	0	txt
user-comm_cloud-webmail/src/code/arm64/webapp/locales/hu/common.json	verbatim		3495	0	txt
user-comm_cloud-webmail/src/code/arm64/webapp/locales/it/common.json	verbatim		3495	0	txt
user-comm_cloud-webmail/src/code/arm64/webapp/locales/ja/common.json	verbatim		3495	0	txt
user-comm_cloud-webmail/src/code/arm64/webapp/locales/ko/common.json	verbatim		3495	0	txt
user-comm_cloud-webmail/src/code/arm64/webapp/locales/lv/common.json	verbatim		3495	0	txt
user-comm_cloud-webmail/src/code/arm64/webapp/locales/mn/common.json	verbatim		3495	0	txt
user-comm_cloud-webmail/src/code/arm64/webapp/locales/nl/common.json	verbatim		3495	0	txt
user-comm_cloud-webmail/src/code/arm64/webapp/locales/pl/common.json	verbatim		3495	0	txt
user-comm_cloud-webmail/src/code/arm64/webapp/locales/pt/common.json	verbatim		3495	0	txt
user-comm_cloud-webmail/src/code/arm64/webapp/locales/ro/common.json	verbatim		3495	0	txt
user-comm_cloud-webmail/src/code/arm64/webapp/locales/ru/common.json	verbatim		3495	0	txt
user-comm_cloud-webmail/src/code/arm64/webapp/locales/sk/common.json	verbatim		3495	0	txt
user-comm_cloud-webmail/src/code/arm64/webapp/locales/tr/common.json	verbatim		3495	0	txt
user-comm_cloud-webmail/src/code/arm64/webapp/locales/uk/common.json	verbatim		3495	0	txt
user-comm_cloud-webmail/src/code/arm64/webapp/locales/zh/common.json	verbatim		3495	0	txt
user-comm_cloud-webmail/src/code/arm64/webapp/next.config.ts	verbatim		62	0	txt
user-comm_cloud-webmail/src/code/arm64/webapp/package-lock.json	verbatim		10502	0	txt
user-comm_cloud-webmail/src/code/arm64/webapp/package.json	verbatim		113	0	txt
user-comm_cloud-webmail/src/code/arm64/webapp/postcss.config.mjs	verbatim		4	0	txt
user-comm_cloud-webmail/src/code/arm64/webapp/proxy.ts	verbatim		223	0	txt
user-comm_cloud-webmail/src/code/arm64/webapp/public/apple-touch-icon-120x120.png	verbatim		0	0	bin
user-comm_cloud-webmail/src/code/arm64/webapp/public/apple-touch-icon-152x152.png	verbatim		0	0	bin
user-comm_cloud-webmail/src/code/arm64/webapp/public/apple-touch-icon-167x167.png	verbatim		0	0	bin
user-comm_cloud-webmail/src/code/arm64/webapp/public/apple-touch-icon-180x180.png	verbatim		0	0	bin
user-comm_cloud-webmail/src/code/arm64/webapp/public/apple-touch-icon.png	verbatim		0	0	bin
user-comm_cloud-webmail/src/code/arm64/webapp/public/branding/Bulwark_Favicon.png	verbatim		0	0	bin
user-comm_cloud-webmail/src/code/arm64/webapp/public/branding/Bulwark_Favicon.svg	verbatim		3	0	txt
user-comm_cloud-webmail/src/code/arm64/webapp/public/branding/Bulwark_Icon_App.svg	verbatim		3	0	txt
user-comm_cloud-webmail/src/code/arm64/webapp/public/branding/Bulwark_Logo_Color.png	verbatim		0	0	bin
user-comm_cloud-webmail/src/code/arm64/webapp/public/branding/Bulwark_Logo_Color.svg	verbatim		3	0	txt
user-comm_cloud-webmail/src/code/arm64/webapp/public/branding/Bulwark_Logo_Dark.png	verbatim		0	0	bin
user-comm_cloud-webmail/src/code/arm64/webapp/public/branding/Bulwark_Logo_Dark.svg	verbatim		3	0	txt
user-comm_cloud-webmail/src/code/arm64/webapp/public/branding/Bulwark_Logo_White.png	verbatim		0	0	bin
user-comm_cloud-webmail/src/code/arm64/webapp/public/branding/Bulwark_Logo_White.svg	verbatim		3	0	txt
user-comm_cloud-webmail/src/code/arm64/webapp/public/branding/Bulwark_Logo_with_Lettering_Dark_Color.svg	verbatim		3	0	txt
user-comm_cloud-webmail/src/code/arm64/webapp/public/branding/Bulwark_Logo_with_Lettering_Dark_and_Color.png	verbatim		0	0	bin
user-comm_cloud-webmail/src/code/arm64/webapp/public/branding/Bulwark_Logo_with_Lettering_White_and_Color.png	verbatim		0	0	bin
user-comm_cloud-webmail/src/code/arm64/webapp/public/branding/Bulwark_Logo_with_Lettering_White_and_Color.svg	verbatim		3	0	txt
user-comm_cloud-webmail/src/code/arm64/webapp/public/file.svg	verbatim		1	0	txt
user-comm_cloud-webmail/src/code/arm64/webapp/public/globe.svg	verbatim		1	0	txt
user-comm_cloud-webmail/src/code/arm64/webapp/public/icon-192x192.png	verbatim		0	0	bin
user-comm_cloud-webmail/src/code/arm64/webapp/public/icon-512x512.png	verbatim		0	0	bin
user-comm_cloud-webmail/src/code/arm64/webapp/public/icon-maskable-dark-192x192.png	verbatim		0	0	bin
user-comm_cloud-webmail/src/code/arm64/webapp/public/icon-maskable-dark-512x512.png	verbatim		0	0	bin
user-comm_cloud-webmail/src/code/arm64/webapp/public/icon-maskable-light-192x192.png	verbatim		0	0	bin
user-comm_cloud-webmail/src/code/arm64/webapp/public/icon-maskable-light-512x512.png	verbatim		0	0	bin
user-comm_cloud-webmail/src/code/arm64/webapp/public/next.svg	verbatim		1	0	txt
user-comm_cloud-webmail/src/code/arm64/webapp/public/notification/cheerful-527.mp3	verbatim		0	0	bin
user-comm_cloud-webmail/src/code/arm64/webapp/public/notification/involved-notification.mp3	verbatim		0	0	bin
user-comm_cloud-webmail/src/code/arm64/webapp/public/notification/notification-tone-swift-gesture.mp3	verbatim		0	0	bin
user-comm_cloud-webmail/src/code/arm64/webapp/public/notification/relax-message-tone.mp3	verbatim		0	0	bin
user-comm_cloud-webmail/src/code/arm64/webapp/public/screenshot-1280x720.png	verbatim		0	0	bin
user-comm_cloud-webmail/src/code/arm64/webapp/public/screenshot-540x720.png	verbatim		0	0	bin
user-comm_cloud-webmail/src/code/arm64/webapp/public/sw.js	verbatim		395	0	txt
user-comm_cloud-webmail/src/code/arm64/webapp/public/window.svg	verbatim		1	0	txt
user-comm_cloud-webmail/src/code/arm64/webapp/stores/__tests__/account-security-store.test.ts	verbatim		360	0	txt
user-comm_cloud-webmail/src/code/arm64/webapp/stores/__tests__/apply-preferred-identity.test.ts	verbatim		70	0	txt
user-comm_cloud-webmail/src/code/arm64/webapp/stores/__tests__/auth-store-display-name.test.ts	verbatim		74	0	txt
user-comm_cloud-webmail/src/code/arm64/webapp/stores/__tests__/auth-store-logout.test.ts	verbatim		170	0	txt
user-comm_cloud-webmail/src/code/arm64/webapp/stores/__tests__/auth-store-switch-guard.test.ts	verbatim		84	0	txt
user-comm_cloud-webmail/src/code/arm64/webapp/stores/__tests__/auth-store-sync.test.ts	verbatim		92	0	txt
user-comm_cloud-webmail/src/code/arm64/webapp/stores/__tests__/calendar-notification-store.test.ts	verbatim		53	0	txt
user-comm_cloud-webmail/src/code/arm64/webapp/stores/__tests__/calendar-store-namespacing.test.ts	verbatim		82	0	txt
user-comm_cloud-webmail/src/code/arm64/webapp/stores/__tests__/contact-store.test.ts	verbatim		648	0	txt
user-comm_cloud-webmail/src/code/arm64/webapp/stores/__tests__/email-archive.test.ts	verbatim		81	0	txt
user-comm_cloud-webmail/src/code/arm64/webapp/stores/__tests__/email-selection.test.ts	verbatim		112	0	txt
user-comm_cloud-webmail/src/code/arm64/webapp/stores/__tests__/email-store-cross-account-move.test.ts	verbatim		89	0	txt
user-comm_cloud-webmail/src/code/arm64/webapp/stores/__tests__/email-store-fetch-unified.test.ts	verbatim		140	0	txt
user-comm_cloud-webmail/src/code/arm64/webapp/stores/__tests__/email-store-multi-account.test.ts	verbatim		119	0	txt
user-comm_cloud-webmail/src/code/arm64/webapp/stores/__tests__/email-store-refresh-merge.test.ts	verbatim		106	0	txt
user-comm_cloud-webmail/src/code/arm64/webapp/stores/__tests__/email-store-refresh-unified.test.ts	verbatim		115	0	txt
user-comm_cloud-webmail/src/code/arm64/webapp/stores/__tests__/email-store-retained-in-view.test.ts	verbatim		173	0	txt
user-comm_cloud-webmail/src/code/arm64/webapp/stores/__tests__/email-store-search-scope.test.ts	verbatim		119	0	txt
user-comm_cloud-webmail/src/code/arm64/webapp/stores/__tests__/email-store-shared-folder-actions.test.ts	verbatim		153	0	txt
user-comm_cloud-webmail/src/code/arm64/webapp/stores/__tests__/email-store-shared-folder-keywords.test.ts	verbatim		173	0	txt
user-comm_cloud-webmail/src/code/arm64/webapp/stores/__tests__/email-store-tag-counts.test.ts	verbatim		213	0	txt
user-comm_cloud-webmail/src/code/arm64/webapp/stores/__tests__/email-store-unified-actions.test.ts	verbatim		256	0	txt
user-comm_cloud-webmail/src/code/arm64/webapp/stores/__tests__/file-store.test.ts	verbatim		361	0	txt
user-comm_cloud-webmail/src/code/arm64/webapp/stores/__tests__/filter-store.test.ts	verbatim		428	0	txt
user-comm_cloud-webmail/src/code/arm64/webapp/stores/__tests__/folder-management.test.ts	verbatim		451	0	txt
user-comm_cloud-webmail/src/code/arm64/webapp/stores/__tests__/identity-store.test.ts	verbatim		223	0	txt
user-comm_cloud-webmail/src/code/arm64/webapp/stores/__tests__/managed-account-store.test.ts	verbatim		32	0	txt
user-comm_cloud-webmail/src/code/arm64/webapp/stores/__tests__/pro-tab-store.test.ts	verbatim		449	0	txt
user-comm_cloud-webmail/src/code/arm64/webapp/stores/__tests__/search-history-store.test.ts	verbatim		42	0	txt
user-comm_cloud-webmail/src/code/arm64/webapp/stores/__tests__/settings-store-all-mail.test.ts	verbatim		85	0	txt
user-comm_cloud-webmail/src/code/arm64/webapp/stores/__tests__/settings-store-attachments.test.ts	verbatim		31	0	txt
user-comm_cloud-webmail/src/code/arm64/webapp/stores/__tests__/settings-store-favicon-badge.test.ts	verbatim		17	0	txt
user-comm_cloud-webmail/src/code/arm64/webapp/stores/__tests__/settings-store-keywords.test.ts	verbatim		201	0	txt
user-comm_cloud-webmail/src/code/arm64/webapp/stores/__tests__/settings-store-preferred-identity.test.ts	verbatim		113	0	txt
user-comm_cloud-webmail/src/code/arm64/webapp/stores/__tests__/settings-store-sync.test.ts	verbatim		147	0	txt
user-comm_cloud-webmail/src/code/arm64/webapp/stores/__tests__/template-store-sync.test.ts	verbatim		77	0	txt
user-comm_cloud-webmail/src/code/arm64/webapp/stores/__tests__/ui-store.test.ts	verbatim		99	0	txt
user-comm_cloud-webmail/src/code/arm64/webapp/stores/account-security-store.ts	verbatim		683	0	txt
user-comm_cloud-webmail/src/code/arm64/webapp/stores/account-store.ts	verbatim		205	0	txt
user-comm_cloud-webmail/src/code/arm64/webapp/stores/admin-tab-store.ts	verbatim		36	0	txt
user-comm_cloud-webmail/src/code/arm64/webapp/stores/auth-store.ts	verbatim		1922	0	txt
user-comm_cloud-webmail/src/code/arm64/webapp/stores/calendar-notification-store.ts	verbatim		42	0	txt
user-comm_cloud-webmail/src/code/arm64/webapp/stores/calendar-store.ts	verbatim		1241	0	txt
user-comm_cloud-webmail/src/code/arm64/webapp/stores/client-registry.ts	verbatim		19	0	txt
user-comm_cloud-webmail/src/code/arm64/webapp/stores/contact-store.ts	verbatim		1147	0	txt
user-comm_cloud-webmail/src/code/arm64/webapp/stores/email-store.ts	verbatim		4318	0	txt
user-comm_cloud-webmail/src/code/arm64/webapp/stores/file-store.ts	verbatim		930	0	txt
user-comm_cloud-webmail/src/code/arm64/webapp/stores/filter-store.ts	verbatim		225	0	txt
user-comm_cloud-webmail/src/code/arm64/webapp/stores/identity-store.ts	verbatim		120	0	txt
user-comm_cloud-webmail/src/code/arm64/webapp/stores/locale-store.ts	verbatim		17	0	txt
user-comm_cloud-webmail/src/code/arm64/webapp/stores/managed-account-store.ts	verbatim		27	0	txt
user-comm_cloud-webmail/src/code/arm64/webapp/stores/message-list-tabs-store.ts	verbatim		303	0	txt
user-comm_cloud-webmail/src/code/arm64/webapp/stores/plugin-store.ts	verbatim		527	0	txt
user-comm_cloud-webmail/src/code/arm64/webapp/stores/policy-store.ts	verbatim		81	0	txt
user-comm_cloud-webmail/src/code/arm64/webapp/stores/pro-tab-store.ts	verbatim		599	0	txt
user-comm_cloud-webmail/src/code/arm64/webapp/stores/search-history-store.ts	verbatim		40	0	txt
user-comm_cloud-webmail/src/code/arm64/webapp/stores/settings-store.ts	modified	stores/settings-store.ts	1251	33	txt
user-comm_cloud-webmail/src/code/arm64/webapp/stores/task-store.ts	verbatim		86	0	txt
user-comm_cloud-webmail/src/code/arm64/webapp/stores/template-store.ts	verbatim		193	0	txt
user-comm_cloud-webmail/src/code/arm64/webapp/stores/theme-store.ts	verbatim		522	0	txt
user-comm_cloud-webmail/src/code/arm64/webapp/stores/toast-store.ts	verbatim		58	0	txt
user-comm_cloud-webmail/src/code/arm64/webapp/stores/totp-reauth-store.ts	verbatim		41	0	txt
user-comm_cloud-webmail/src/code/arm64/webapp/stores/ui-store.ts	verbatim		128	0	txt
user-comm_cloud-webmail/src/code/arm64/webapp/stores/update-store.ts	verbatim		103	0	txt
user-comm_cloud-webmail/src/code/arm64/webapp/stores/vacation-store.ts	verbatim		87	0	txt
user-comm_cloud-webmail/src/code/arm64/webapp/stores/webdav-store.ts	verbatim		413	0	txt
user-comm_cloud-webmail/src/code/arm64/webapp/tsconfig.json	verbatim		45	0	txt
user-comm_cloud-webmail/src/code/arm64/webapp/vitest.config.ts	verbatim		22	0	txt
user-comm_cloud-webmail/src/code/arm64/webapp/vitest.setup.ts	verbatim		40	0	txt
